"SUID","Accesion ID","BiG-SCAPE class","Clan Number","Description","Family Number","genome_id","genome_src","Groups","name","Organism","Product Prediction","selected","shared name","species","Taxonomy"
"207375","NZ_CP035402.1","NRPS","2044","Bacillus subtilis strain SRCM103576 chromosome, complete genome","2550","","Public","PPS_others","NZ_CP035402.1.region003","Bacillus subtilis SRCM103576","NRPS","false","NZ_CP035402.1.region003","subtilis","Bacteria,Firmicutes,Bacilli,Bacillales,Bacillaceae,Bacillus"
"207376","NZ_CP035403.1","NRPS","5104","Bacillus subtilis strain SRCM103581 chromosome, complete genome","5104","","Public","PPS_others","NZ_CP035403.1.region004","Bacillus subtilis SRCM103581","NRPS","false","NZ_CP035403.1.region004","subtilis","Bacteria,Firmicutes,Bacilli,Bacillales,Bacillaceae,Bacillus"
"207377","NZ_CP009684.1","NRPS","4005","Bacillus subtilis strain B-1 genome","4005","","Public","FEN_Others","NZ_CP009684.1.region010","Bacillus subtilis B-1","NRPS","false","NZ_CP009684.1.region010","subtilis","Bacteria,Firmicutes,Bacilli,Bacillales,Bacillaceae,Bacillus"
"207378","NZ_CP021888.1","NRPS","2044","Bacillus velezensis strain SRCM100072 chromosome, complete genome","5085","","Public","FEN_groupB","NZ_CP021888.1.region009","Bacillus velezensis SRCM100072","NRPS","false","NZ_CP021888.1.region009","velezensis","Bacteria,Firmicutes,Bacilli,Bacillales,Bacillaceae,Bacillus,Bacillus amyloliquefaciens group"
"207379","CP015417.1","NRPS","4005","Bacillus velezensis strain SB1216, complete genome","4005","","Public","FEN_Others","CP015417.1.region007","Bacillus velezensis SB1216","NRPS","false","CP015417.1.region007","velezensis","Bacteria,Firmicutes,Bacilli,Bacillales,Bacillaceae,Bacillus,Bacillus amyloliquefaciens group"
"207380","NZ_CP021985.1","NRPS","2044","Bacillus subtilis strain SR1 genome","2550","SR1","Public","PPS_others","NZ_CP021985.1.region001","Bacillus subtilis SR1","NRPS","false","NZ_CP021985.1.region001","subtilis","Bacteria,Firmicutes,Bacilli,Bacillales,Bacillaceae,Bacillus"
"207381","NZ_CP017775.1","NRPS","2044","Bacillus velezensis strain 9912D chromosome, complete genome","5085","9912D","Public","FEN_groupB","NZ_CP017775.1.region008","Bacillus velezensis 9912D","NRPS","false","NZ_CP017775.1.region008","velezensis","Bacteria,Firmicutes,Bacilli,Bacillales,Bacillaceae,Bacillus,Bacillus amyloliquefaciens group"
"207382","NZ_CP020805.1","NRPS","2044","Bacillus velezensis strain 9D-6 chromosome, complete genome","3522","","Public","FEN_groupC","NZ_CP020805.1.region011","Bacillus velezensis 9D-6","NRPS","false","NZ_CP020805.1.region011","velezensis","Bacteria,Firmicutes,Bacilli,Bacillales,Bacillaceae,Bacillus,Bacillus amyloliquefaciens group"
"207383","NC_014639.1","NRPS","2044","Bacillus atrophaeus 1942, complete genome","2971","","Public","PPS_groupB","NC_014639.1.region004","Bacillus atrophaeus 1942","NRPS","false","NC_014639.1.region004","atrophaeus","Bacteria,Firmicutes,Bacilli,Bacillales,Bacillaceae,Bacillus"
"207384","NZ_CP031675.1","NRPS","5104","Bacillus subtilis subsp. subtilis strain IITK SM1 chromosome","5104","","Public","PPS_others","NZ_CP031675.1.region005","Bacillus subtilis subsp. subtilis IITK SM1","NRPS","false","NZ_CP031675.1.region005","subtilis","Bacteria,Firmicutes,Bacilli,Bacillales,Bacillaceae,Bacillus"
"207385","NZ_CP035226.1","NRPS","2044","Bacillus subtilis strain SRCM103517 chromosome, complete genome","5071","","Public","PPS","NZ_CP035226.1.region005","Bacillus subtilis SRCM103517","NRPS","false","NZ_CP035226.1.region005","subtilis","Bacteria,Firmicutes,Bacilli,Bacillales,Bacillaceae,Bacillus"
"207386","NC_014551.1","NRPS","2044","Bacillus amyloliquefaciens DSM7 complete genome","3522","DSM7","Public","FEN_groupC","NC_014551.1.region007","Bacillus amyloliquefaciens DSM 7 = ATCC 23350","NRPS-like","false","NC_014551.1.region007","amyloliquefaciens","Bacteria,Firmicutes,Bacilli,Bacillales,Bacillaceae,Bacillus,Bacillus amyloliquefaciens group"
"207387","CP024051.1","NRPS","2044","Bacillus atrophaeus strain BA59 chromosome, complete genome","2971","BA59","Public","PPS_groupB","CP024051.1.region007","Bacillus atrophaeus BA59","NRPS","false","CP024051.1.region007","atrophaeus","Bacteria,Firmicutes,Bacilli,Bacillales,Bacillaceae,Bacillus"
"207388","CP032089.1","NRPS","2044","Bacillus subtilis strain FB6-3 chromosome","2550","","Public","PPS_others","CP032089.1.region003","Bacillus subtilis FB6-3","NRPS","false","CP032089.1.region003","subtilis","Bacteria,Firmicutes,Bacilli,Bacillales,Bacillaceae,Bacillus"
"207389","CP029052.1","NRPS","5104","Bacillus subtilis subsp. subtilis strain BS155 chromosome, complete genome","5104","","Public","PPS_others","CP029052.1.region004","Bacillus subtilis subsp. subtilis BS155","NRPS","false","CP029052.1.region004","subtilis","Bacteria,Firmicutes,Bacilli,Bacillales,Bacillaceae,Bacillus"
"207390","NZ_CP007640.1","NRPS","2044","Bacillus atrophaeus subsp. globigii strain BSS genome","2971","","Public","PPS_groupB","NZ_CP007640.1.region004","Bacillus atrophaeus subsp. globigii BSS","NRPS","false","NZ_CP007640.1.region004","atrophaeus","Bacteria,Firmicutes,Bacilli,Bacillales,Bacillaceae,Bacillus"
"207391","NZ_CP011802.1","NRPS","2044","Bacillus atrophaeus UCMB-5137 genome","2971","","Public","PPS_groupB","NZ_CP011802.1.region003","Bacillus atrophaeus UCMB-5137","NRPS","false","NZ_CP011802.1.region003","atrophaeus","Bacteria,Firmicutes,Bacilli,Bacillales,Bacillaceae,Bacillus"
"207392","NZ_CP014840.1","NRPS","2044","Bacillus subtilis subsp. globigii strain ATCC 49760 chromosome, complete genome","2971","","Public","PPS_groupB","NZ_CP014840.1.region007","Bacillus subtilis subsp. globigii ATCC 49760","NRPS","false","NZ_CP014840.1.region007","subtilis","Bacteria,Firmicutes,Bacilli,Bacillales,Bacillaceae,Bacillus"
"207393","NZ_CP015443.1","NRPS","4005","Bacillus velezensis strain CC09, complete genome","4005","","Public","FEN_Others","NZ_CP015443.1.region001","Bacillus velezensis CC09","NRPS","false","NZ_CP015443.1.region001","velezensis","Bacteria,Firmicutes,Bacilli,Bacillales,Bacillaceae,Bacillus,Bacillus amyloliquefaciens group"
"207394","NZ_CP035410.1","NRPS","2044","Bacillus velezensis strain SRCM103616 chromosome, complete genome","5085","","Public","FEN_groupB","NZ_CP035410.1.region009","Bacillus velezensis SRCM103616","NRPS","false","NZ_CP035410.1.region009","velezensis","Bacteria,Firmicutes,Bacilli,Bacillales,Bacillaceae,Bacillus,Bacillus amyloliquefaciens group"
"207395","NZ_CP035393.1","NRPS","2044","Bacillus velezensis strain SRCM103691 chromosome, complete genome","5085","","Public","FEN_groupB","NZ_CP035393.1.region009","Bacillus velezensis SRCM103691","NRPS","false","NZ_CP035393.1.region009","velezensis","Bacteria,Firmicutes,Bacilli,Bacillales,Bacillaceae,Bacillus,Bacillus amyloliquefaciens group"
"207396","NZ_CP022653.1","NRPS","2044","Bacillus atrophaeus strain GQJK17 chromosome, complete genome","2971","","Public","PPS_groupB","NZ_CP022653.1.region006","Bacillus atrophaeus GQJK17","NRPS","false","NZ_CP022653.1.region006","atrophaeus","Bacteria,Firmicutes,Bacilli,Bacillales,Bacillaceae,Bacillus"
"207397","NZ_CP021500.1","NRPS","2044","Bacillus atrophaeus strain SRCM101359 chromosome, complete genome","2971","","Public","PPS_groupB","NZ_CP021500.1.region006","Bacillus atrophaeus SRCM101359","NRPS","false","NZ_CP021500.1.region006","atrophaeus","Bacteria,Firmicutes,Bacilli,Bacillales,Bacillaceae,Bacillus"
"207398","NZ_CP026010.1","NRPS","5112","Bacillus subtilis strain ATCC 11774 chromosome, complete genome","5112","","Public","PPS_groupE","NZ_CP026010.1.region007","Bacillus subtilis ATCC 11774","NRPS","false","NZ_CP026010.1.region007","subtilis","Bacteria,Firmicutes,Bacilli,Bacillales,Bacillaceae,Bacillus"
"207399","NZ_CP011252.1","NRPS","2044","Bacillus amyloliquefaciens strain MT45, complete genome","3522","","Public","FEN_groupC","NZ_CP011252.1.region007","Bacillus amyloliquefaciens MT45","NRPS-like","false","NZ_CP011252.1.region007","amyloliquefaciens","Bacteria,Firmicutes,Bacilli,Bacillales,Bacillaceae,Bacillus,Bacillus amyloliquefaciens group"
"207400","NZ_CP032853.1","NRPS","5112","Bacillus subtilis subsp. subtilis strain MH-1 chromosome, complete genome","5112","","Public","PPS_groupE","NZ_CP032853.1.region002","Bacillus subtilis subsp. subtilis MH-1","NRPS","false","NZ_CP032853.1.region002","subtilis","Bacteria,Firmicutes,Bacilli,Bacillales,Bacillaceae,Bacillus"
"207401","NZ_CP023133.1","NRPS","2044","Bacillus velezensis strain J01 chromosome","3522","","Public","FEN_Others","NZ_CP023133.1.region010","Bacillus velezensis J01","NRPS","false","NZ_CP023133.1.region010","velezensis","Bacteria,Firmicutes,Bacilli,Bacillales,Bacillaceae,Bacillus,Bacillus amyloliquefaciens group"
"207402","NZ_CP017747.1","NRPS","3065","Bacillus velezensis strain SYBC H47 chromosome, complete genome","3065","","Public","FEN_Others","NZ_CP017747.1.region004","Bacillus velezensis SYBC H47","NRPS","false","NZ_CP017747.1.region004","velezensis","Bacteria,Firmicutes,Bacilli,Bacillales,Bacillaceae,Bacillus,Bacillus amyloliquefaciens group"
"207403","NC_017190.1","NRPS","2044","Bacillus amyloliquefaciens LL3, complete genome","3522","","Public","FEN_groupC","NC_017190.1.region007","Bacillus amyloliquefaciens LL3","NRPS-like","false","NC_017190.1.region007","amyloliquefaciens","Bacteria,Firmicutes,Bacilli,Bacillales,Bacillaceae,Bacillus,Bacillus amyloliquefaciens group"
"207404","NC_017191.1","NRPS","2044","Bacillus amyloliquefaciens XH7, complete genome","3522","","Public","FEN_groupC","NC_017191.1.region007","Bacillus amyloliquefaciens XH7","NRPS","false","NC_017191.1.region007","amyloliquefaciens","Bacteria,Firmicutes,Bacilli,Bacillales,Bacillaceae,Bacillus,Bacillus amyloliquefaciens group"
"207405","NZ_CP011278.1","NRPS","4005","Bacillus velezensis strain L-S60 chromosome, complete genome","4005","","Public","FEN_Others","NZ_CP011278.1.region008","Bacillus velezensis L-S60","NRPS","false","NZ_CP011278.1.region008","velezensis","Bacteria,Firmicutes,Bacilli,Bacillales,Bacillaceae,Bacillus,Bacillus amyloliquefaciens group"
"207406","NZ_CP032315.1","NRPS","2044","Bacillus subtilis strain MZK05 chromosome, complete genome","5071","","Public","PPS_others","NZ_CP032315.1.region005","Bacillus subtilis MZK05","NRPS","false","NZ_CP032315.1.region005","subtilis","Bacteria,Firmicutes,Bacilli,Bacillales,Bacillaceae,Bacillus"
"207407","NZ_CP022654.2","NRPS","3065","Bacillus velezensis strain SCDB 291 chromosome, complete genome","3065","","Public","FEN","NZ_CP022654.2.region002","Bacillus velezensis SCDB 291","NRPS","false","NZ_CP022654.2.region002","velezensis","Bacteria,Firmicutes,Bacilli,Bacillales,Bacillaceae,Bacillus,Bacillus amyloliquefaciens group"
"207408","NZ_CP021892.1","NRPS","5112","Bacillus subtilis subsp. subtilis strain SRCM100333 chromosome, complete genome","5112","","Public","PPS_groupE","NZ_CP021892.1.region004","Bacillus subtilis subsp. subtilis SRCM100333","NRPS","false","NZ_CP021892.1.region004","subtilis","Bacteria,Firmicutes,Bacilli,Bacillales,Bacillaceae,Bacillus"
"207409","NZ_CP017763.1","NRPS","5112","Bacillus subtilis strain 29R7-12 chromosome, complete genome","5112","","Public","PPS_groupE","NZ_CP017763.1.region003","Bacillus subtilis 29R7-12","NRPS","false","NZ_CP017763.1.region003","subtilis","Bacteria,Firmicutes,Bacilli,Bacillales,Bacillaceae,Bacillus"
"207410","NZ_CP022890.1","NRPS","5112","Bacillus subtilis strain DKU_NT_02 chromosome, complete genome","5112","","Public","PPS_groupE","NZ_CP022890.1.region006","Bacillus subtilis DKU_NT_02","NRPS","false","NZ_CP022890.1.region006","subtilis","Bacteria,Firmicutes,Bacilli,Bacillales,Bacillaceae,Bacillus"
"207411","NZ_CP036518.1","NRPS","3065","Bacillus velezensis strain ANSB01E chromosome, complete genome","3065","","Public","FEN","NZ_CP036518.1.region002","Bacillus velezensis ANSB01E","NRPS","false","NZ_CP036518.1.region002","velezensis","Bacteria,Firmicutes,Bacilli,Bacillales,Bacillaceae,Bacillus,Bacillus amyloliquefaciens group"
"207412","NZ_CP018184.1","NRPS","5112","Bacillus subtilis strain KH2, complete genome","5112","","Public","PPS_groupE","NZ_CP018184.1.region002","Bacillus subtilis KH2","NRPS","false","NZ_CP018184.1.region002","subtilis","Bacteria,Firmicutes,Bacilli,Bacillales,Bacillaceae,Bacillus"
"207413","CP045816.1","NRPS","5104","Bacillus subtilis strain P5_B2 chromosome, complete genome","5104","P5_B2","Public","PPS_groupD","CP045816.1.region003","Bacillus subtilis P5_B2","NRPS","false","CP045816.1.region003","subtilis","Bacteria,Firmicutes,Bacilli,Bacillales,Bacillaceae,Bacillus"
"207414","NZ_CP032863.1","NRPS","5112","Bacillus subtilis subsp. subtilis strain N2-2 chromosome, complete genome","5112","","Public","PPS_groupE","NZ_CP032863.1.region001","Bacillus subtilis subsp. subtilis N2-2","NRPS","false","NZ_CP032863.1.region001","subtilis","Bacteria,Firmicutes,Bacilli,Bacillales,Bacillaceae,Bacillus"
"207415","NZ_CP009748.1","NRPS","2044","Bacillus subtilis strain ATCC 13952, complete genome","3522","","Public","FEN_groupC","NZ_CP009748.1.region007","Bacillus subtilis ATCC 13952","NRPS-like","false","NZ_CP009748.1.region007","subtilis","Bacteria,Firmicutes,Bacilli,Bacillales,Bacillaceae,Bacillus"
"207416","NC_017188.1","NRPS","2044","Bacillus amyloliquefaciens TA208, complete genome","3522","","Public","FEN_groupC","NC_017188.1.region007","Bacillus amyloliquefaciens TA208","NRPS","false","NC_017188.1.region007","amyloliquefaciens","Bacteria,Firmicutes,Bacilli,Bacillales,Bacillaceae,Bacillus,Bacillus amyloliquefaciens group"
"207417","CP045826.1","NRPS","5104","Bacillus subtilis strain 73 chromosome, complete genome","5104","","Public","PPS_groupD","CP045826.1.region005","Bacillus subtilis 73","NRPS","false","CP045826.1.region005","subtilis","Bacteria,Firmicutes,Bacilli,Bacillales,Bacillaceae,Bacillus"
"207418","NZ_CP032865.1","NRPS","5112","Bacillus subtilis subsp. subtilis strain N3-1 chromosome, complete genome","5112","","Public","PPS_groupE","NZ_CP032865.1.region009","Bacillus subtilis subsp. subtilis N3-1","NRPS","false","NZ_CP032865.1.region009","subtilis","Bacteria,Firmicutes,Bacilli,Bacillales,Bacillaceae,Bacillus"
"207419","NZ_CP035162.1","NRPS","5104","Bacillus subtilis strain SRCM103886 chromosome, complete genome","5104","","Public","PPS_groupD","NZ_CP035162.1.region004","Bacillus subtilis SRCM103886","NRPS","false","NZ_CP035162.1.region004","subtilis","Bacteria,Firmicutes,Bacilli,Bacillales,Bacillaceae,Bacillus"
"207420","NZ_CP025939.1","NRPS","3065","Bacillus velezensis strain 10075 chromosome, complete genome","3065","","Public","FEN","NZ_CP025939.1.region005","Bacillus velezensis 10075","NRPS","false","NZ_CP025939.1.region005","velezensis","Bacteria,Firmicutes,Bacilli,Bacillales,Bacillaceae,Bacillus,Bacillus amyloliquefaciens group"
"207421","NZ_CP032857.1","NRPS","5104","Bacillus subtilis subsp. subtilis strain 2RL2-3 chromosome, complete genome","5104","","Public","PPS_groupD","NZ_CP032857.1.region004","Bacillus subtilis subsp. subtilis 2RL2-3","NRPS","false","NZ_CP032857.1.region004","subtilis","Bacteria,Firmicutes,Bacilli,Bacillales,Bacillaceae,Bacillus"
"207422","NC_020832.1","NRPS","2044","Bacillus subtilis subsp. subtilis str. BAB-1, complete genome","2044","","Public","PPS","NC_020832.1.region005","Bacillus subtilis subsp. subtilis str. BAB-1","NRPS","false","NC_020832.1.region005","subtilis","Bacteria,Firmicutes,Bacilli,Bacillales,Bacillaceae,Bacillus"
"207423","NZ_CP032860.1","NRPS","2044","Bacillus subtilis subsp. subtilis strain SSJ-1 chromosome, complete genome","2044","","Public","PPS","NZ_CP032860.1.region009","Bacillus subtilis subsp. subtilis SSJ-1","NRPS","false","NZ_CP032860.1.region009","subtilis","Bacteria,Firmicutes,Bacilli,Bacillales,Bacillaceae,Bacillus"
"207424","NC_023073.1","NRPS","3065","Bacillus amyloliquefaciens LFB112, complete genome","3065","","Public","FEN_Others","NC_023073.1.region009","Bacillus amyloliquefaciens LFB112","NRPS","false","NC_023073.1.region009","amyloliquefaciens","Bacteria,Firmicutes,Bacilli,Bacillales,Bacillaceae,Bacillus,Bacillus amyloliquefaciens group"
"207425","NZ_CP023748.1","NRPS","4005","Bacillus velezensis strain LABIM40 chromosome, complete genome","4005","","Public","FEN","NZ_CP023748.1.region008","Bacillus velezensis LABIM40","NRPS","false","NZ_CP023748.1.region008","velezensis","Bacteria,Firmicutes,Bacilli,Bacillales,Bacillaceae,Bacillus,Bacillus amyloliquefaciens group"
"207426","NC_022653.1","NRPS","3065","Bacillus amyloliquefaciens CC178, complete genome","3065","","Public","FEN","NC_022653.1.region008","Bacillus amyloliquefaciens CC178","NRPS","false","NC_022653.1.region008","amyloliquefaciens","Bacteria,Firmicutes,Bacilli,Bacillales,Bacillaceae,Bacillus,Bacillus amyloliquefaciens group"
"207427","NZ_CP006960.1","NRPS","3065","Bacillus amyloliquefaciens UMAF6614, complete genome","3065","","Public","FEN","NZ_CP006960.1.region010","Bacillus amyloliquefaciens UMAF6614","NRPS","false","NZ_CP006960.1.region010","amyloliquefaciens","Bacteria,Firmicutes,Bacilli,Bacillales,Bacillaceae,Bacillus,Bacillus amyloliquefaciens group"
"207428","NZ_CP022891.1","NRPS","5104","Bacillus subtilis strain DKU_NT_03 chromosome, complete genome","5104","","Public","PPS_groupD","NZ_CP022891.1.region001","Bacillus subtilis DKU_NT_03","NRPS","false","NZ_CP022891.1.region001","subtilis","Bacteria,Firmicutes,Bacilli,Bacillales,Bacillaceae,Bacillus"
"207429","NZ_CP021498.1","NRPS","5104","Bacillus subtilis subsp. subtilis strain SRCM101444 chromosome, complete genome","5104","","Public","PPS_groupD","NZ_CP021498.1.region003","Bacillus subtilis subsp. subtilis SRCM101444","NRPS","false","NZ_CP021498.1.region003","subtilis","Bacteria,Firmicutes,Bacilli,Bacillales,Bacillaceae,Bacillus"
"207430","NZ_CP020023.1","NRPS","5112","Bacillus subtilis strain ATCC 21228 chromosome, complete genome","5112","","Public","PPS_groupE","NZ_CP020023.1.region001","Bacillus subtilis ATCC 21228","NRPS","false","NZ_CP020023.1.region001","subtilis","Bacteria,Firmicutes,Bacilli,Bacillales,Bacillaceae,Bacillus"
"207431","NZ_CP014838.1","NRPS","3065","Bacillus velezensis strain CBMB205, complete genome","3065","","Public","FEN","NZ_CP014838.1.region008","Bacillus velezensis CBMB205","NRPS","false","NZ_CP014838.1.region008","velezensis","Bacteria,Firmicutes,Bacilli,Bacillales,Bacillaceae,Bacillus,Bacillus amyloliquefaciens group"
"207432","NZ_CP035390.1","NRPS","5104","Bacillus subtilis strain SRCM103641 chromosome, complete genome","5104","","Public","PPS_groupD","NZ_CP035390.1.region003","Bacillus subtilis SRCM103641","NRPS","false","NZ_CP035390.1.region003","subtilis","Bacteria,Firmicutes,Bacilli,Bacillales,Bacillaceae,Bacillus"
"207433","NZ_CP035167.1","NRPS","2044","Bacillus subtilis strain SRCM104008 chromosome, complete genome","2044","","Public","PPS","NZ_CP035167.1.region005","Bacillus subtilis SRCM104008","NRPS","false","NZ_CP035167.1.region005","subtilis","Bacteria,Firmicutes,Bacilli,Bacillales,Bacillaceae,Bacillus"
"207434","CP045821.1","NRPS","2044","Bacillus subtilis strain MB8_B7 chromosome, complete genome","2550","","Public","PPS","CP045821.1.region005","Bacillus subtilis MB8_B7","NRPS","false","CP045821.1.region005","subtilis","Bacteria,Firmicutes,Bacilli,Bacillales,Bacillaceae,Bacillus"
"207435","NZ_CP015222.1","NRPS","5104","Bacillus subtilis strain HRBS-10TDI13 chromosome, complete genome","5104","","Public","PPS_groupD","NZ_CP015222.1.region004","Bacillus subtilis HRBS-10TDI13","NRPS","false","NZ_CP015222.1.region004","subtilis","Bacteria,Firmicutes,Bacilli,Bacillales,Bacillaceae,Bacillus"
"207436","NZ_CP035231.1","NRPS","2044","Bacillus subtilis strain SRCM103571 chromosome, complete genome","2044","","Public","PPS","NZ_CP035231.1.region005","Bacillus subtilis SRCM103571","NRPS","false","NZ_CP035231.1.region005","subtilis","Bacteria,Firmicutes,Bacilli,Bacillales,Bacillaceae,Bacillus"
"207437","NC_019896.1","NRPS","2044","Bacillus subtilis subsp. subtilis str. BSP1, complete genome","2550","","Public","PPS","NC_019896.1.region007","Bacillus subtilis subsp. subtilis str. BSP1","NRPS","false","NC_019896.1.region007","subtilis","Bacteria,Firmicutes,Bacilli,Bacillales,Bacillaceae,Bacillus"
"207438","NZ_CP025341.1","NRPS","3065","Bacillus velezensis strain CMT-6 chromosome, complete genome","3065","","Public","FEN","NZ_CP025341.1.region009","Bacillus velezensis CMT-6","NRPS","false","NZ_CP025341.1.region009","velezensis","Bacteria,Firmicutes,Bacilli,Bacillales,Bacillaceae,Bacillus,Bacillus amyloliquefaciens group"
"207439","NZ_CP006890.1","NRPS","3065","Bacillus velezensis SQR9, complete genome","3065","SQR9","Public","FEN","NZ_CP006890.1.region008","Bacillus velezensis SQR9","NRPS","false","NZ_CP006890.1.region008","velezensis","Bacteria,Firmicutes,Bacilli,Bacillales,Bacillaceae,Bacillus,Bacillus amyloliquefaciens group"
"207440","NC_017196.2","NRPS","5112","Bacillus subtilis subsp. natto BEST195 DNA, complete genome","5112","BEST195","Public","PPS_groupE","NC_017196.2.region003","Bacillus subtilis subsp. natto BEST195","NRPS","false","NC_017196.2.region003","subtilis","Bacteria,Firmicutes,Bacilli,Bacillales,Bacillaceae,Bacillus"
"207441","NZ_CP021921.1","NRPS","2044","Bacillus subtilis subsp. subtilis strain SRCM101392 chromosome, complete genome","2044","","Public","PPS","NZ_CP021921.1.region005","Bacillus subtilis subsp. subtilis SRCM101392","NRPS","false","NZ_CP021921.1.region005","subtilis","Bacteria,Firmicutes,Bacilli,Bacillales,Bacillaceae,Bacillus"
"207442","NZ_CP029465.1","NRPS","2044","Bacillus subtilis subsp. inaquosorum strain KCTC 13429 chromosome, complete genome","5071","","Public","PPS","NZ_CP029465.1.region007","Bacillus subtilis subsp. inaquosorum KCTC 13429","NRPS-like.NRPS","false","NZ_CP029465.1.region007","subtilis","Bacteria,Firmicutes,Bacilli,Bacillales,Bacillaceae,Bacillus"
"207443","CP030925.1","NRPS","2044","Bacillus subtilis subsp. spizizenii strain SW83 chromosome","2044","","Public","PPS_others","CP030925.1.region005","Bacillus subtilis subsp. spizizenii SW83","NRPS","false","CP030925.1.region005","subtilis","Bacteria,Firmicutes,Bacilli,Bacillales,Bacillaceae,Bacillus"
"207444","NZ_CP009796.1","NRPS","2044","Bacillus subtilis strain SG6, complete genome","2044","","Public","PPS","NZ_CP009796.1.region004","Bacillus subtilis SG6","NRPS","false","NZ_CP009796.1.region004","subtilis","Bacteria,Firmicutes,Bacilli,Bacillales,Bacillaceae,Bacillus"
"207445","CP045817.1","NRPS","2044","Bacillus subtilis strain P5_B1 chromosome, complete genome","2044","","Public","PPS","CP045817.1.region005","Bacillus subtilis P5_B1","NRPS","false","CP045817.1.region005","subtilis","Bacteria,Firmicutes,Bacilli,Bacillales,Bacillaceae,Bacillus"
"207446","NZ_CP032861.1","NRPS","5112","Bacillus subtilis subsp. subtilis strain N1-1 chromosome, complete genome","5112","","Public","PPS_groupE","NZ_CP032861.1.region003","Bacillus subtilis subsp. subtilis N1-1","NRPS","false","NZ_CP032861.1.region003","subtilis","Bacteria,Firmicutes,Bacilli,Bacillales,Bacillaceae,Bacillus"
"207447","NZ_CP020722.1","NRPS","5112","Bacillus subtilis strain Bs-115 chromosome, complete genome","5112","","Public","PPS_groupE","NZ_CP020722.1.region001","Bacillus subtilis Bs-115","NRPS","false","NZ_CP020722.1.region001","subtilis","Bacteria,Firmicutes,Bacilli,Bacillales,Bacillaceae,Bacillus"
"207448","NZ_CP020375.1","NRPS","3065","Bacillus velezensis strain JTYP2 chromosome, complete genome","3065","","Public","FEN","NZ_CP020375.1.region008","Bacillus velezensis JTYP2","NRPS","false","NZ_CP020375.1.region008","velezensis","Bacteria,Firmicutes,Bacilli,Bacillales,Bacillaceae,Bacillus,Bacillus amyloliquefaciens group"
"207449","NZ_CP035391.1","NRPS","2044","Bacillus subtilis strain SRCM103689 chromosome, complete genome","5071","","Public","PPS","NZ_CP035391.1.region005","Bacillus subtilis SRCM103689","NRPS","false","NZ_CP035391.1.region005","subtilis","Bacteria,Firmicutes,Bacilli,Bacillales,Bacillaceae,Bacillus"
"207450","NZ_CP014783.1","NRPS","3065","Bacillus amyloliquefaciens strain B15 chromosome, complete genome","3065","","Public","FEN","NZ_CP014783.1.region008","Bacillus amyloliquefaciens B15","NRPS","false","NZ_CP014783.1.region008","amyloliquefaciens","Bacteria,Firmicutes,Bacilli,Bacillales,Bacillaceae,Bacillus,Bacillus amyloliquefaciens group"
"207451","NZ_CP035397.1","NRPS","5112","Bacillus subtilis strain SRCM103773 chromosome, complete genome","5112","","Public","PPS_groupE","NZ_CP035397.1.region003","Bacillus subtilis SRCM103773","NRPS","false","NZ_CP035397.1.region003","subtilis","Bacteria,Firmicutes,Bacilli,Bacillales,Bacillaceae,Bacillus"
"207452","NC_022898.1","NRPS","5104","Bacillus subtilis PY79, complete genome","5104","PY79","Public","PPS_groupC","NC_022898.1.region005","Bacillus subtilis PY79","NRPS","false","NC_022898.1.region005","subtilis","Bacteria,Firmicutes,Bacilli,Bacillales,Bacillaceae,Bacillus"
"207453","NZ_CP035164.1","NRPS","2044","Bacillus subtilis strain SRCM104005 chromosome, complete genome","2044","","Public","PPS","NZ_CP035164.1.region005","Bacillus subtilis SRCM104005","NRPS","false","NZ_CP035164.1.region005","subtilis","Bacteria,Firmicutes,Bacilli,Bacillales,Bacillaceae,Bacillus"
"207454","NZ_CP021505.1","NRPS","2044","Bacillus amyloliquefaciens strain SRCM101267 chromosome, complete genome","3522","","Public","FEN_groupC","NZ_CP021505.1.region007","Bacillus amyloliquefaciens SRCM101267","NRPS-like","false","NZ_CP021505.1.region007","amyloliquefaciens","Bacteria,Firmicutes,Bacilli,Bacillales,Bacillaceae,Bacillus,Bacillus amyloliquefaciens group"
"207455","NZ_CP018902.1","NRPS","2044","Bacillus amyloliquefaciens strain HK1 chromosome, complete genome","3522","","Public","FEN_groupC","NZ_CP018902.1.region004","Bacillus amyloliquefaciens HK1","NRPS","false","NZ_CP018902.1.region004","amyloliquefaciens","Bacteria,Firmicutes,Bacilli,Bacillales,Bacillaceae,Bacillus,Bacillus amyloliquefaciens group"
"207456","BGC0000407.1","NRPS","2044","Plipastatin biosynthetic gene cluster","2550","Plipastatin","MIBIG","","BGC0000407.1","Bacillus subtilis subsp. subtilis","nrps","false","BGC0000407.1","subtilis","Bacteria,Firmicutes,Bacilli,Bacillales,Bacillaceae,Bacillus"
"207457","NZ_CP027868.1","NRPS","3065","Bacillus velezensis strain SGAir0473 chromosome","3065","","Public","FEN","NZ_CP027868.1.region002","Bacillus velezensis SGAir0473","NRPS","false","NZ_CP027868.1.region002","velezensis","Bacteria,Firmicutes,Bacilli,Bacillales,Bacillaceae,Bacillus,Bacillus amyloliquefaciens group"
"207458","NZ_CP036527.1","NRPS","3065","Bacillus velezensis strain UTB96 chromosome","3065","","Public","FEN","NZ_CP036527.1.region007","Bacillus velezensis UTB96","NRPS","false","NZ_CP036527.1.region007","velezensis","Bacteria,Firmicutes,Bacilli,Bacillales,Bacillaceae,Bacillus,Bacillus amyloliquefaciens group"
"207459","CP023755.1","NRPS","2044","Bacillus subtilis subsp. subtilis strain NCD-2 chromosome, complete genome","2044","","Public","PPS_others","CP023755.1.region004","Bacillus subtilis subsp. subtilis NCD-2","NRPS","false","CP023755.1.region004","subtilis","Bacteria,Firmicutes,Bacilli,Bacillales,Bacillaceae,Bacillus"
"207460","NZ_CP029071.1","NRPS","3065","Bacillus amyloliquefaciens strain ALB79 chromosome, complete genome","3065","","Public","FEN","NZ_CP029071.1.region008","Bacillus amyloliquefaciens ALB79","NRPS","false","NZ_CP029071.1.region008","amyloliquefaciens","Bacteria,Firmicutes,Bacilli,Bacillales,Bacillaceae,Bacillus,Bacillus amyloliquefaciens group"
"207461","NZ_CP035166.1","NRPS","2044","Bacillus subtilis strain SRCM103971 chromosome, complete genome","2044","","Public","PPS","NZ_CP035166.1.region004","Bacillus subtilis SRCM103971","NRPS","false","NZ_CP035166.1.region004","subtilis","Bacteria,Firmicutes,Bacilli,Bacillales,Bacillaceae,Bacillus"
"207462","NZ_CP035165.1","NRPS","2044","Bacillus subtilis strain SRCM103881 chromosome, complete genome","2044","","Public","PPS","NZ_CP035165.1.region005","Bacillus subtilis SRCM103881","NRPS","false","NZ_CP035165.1.region005","subtilis","Bacteria,Firmicutes,Bacilli,Bacillales,Bacillaceae,Bacillus"
"207463","NZ_CP034037.1","NRPS","2044","Bacillus velezensis strain BCSo1 chromosome, complete genome","3522","","Public","FEN","NZ_CP034037.1.region007","Bacillus velezensis BCSo1","NRPS","false","NZ_CP034037.1.region007","velezensis","Bacteria,Firmicutes,Bacilli,Bacillales,Bacillaceae,Bacillus,Bacillus amyloliquefaciens group"
"207464","NZ_CP038028.1","NRPS","3065","Bacillus amyloliquefaciens strain FS1092 chromosome, complete genome","3065","","Public","FEN","NZ_CP038028.1.region014","Bacillus amyloliquefaciens FS1092","NRPS","false","NZ_CP038028.1.region014","amyloliquefaciens","Bacteria,Firmicutes,Bacilli,Bacillales,Bacillaceae,Bacillus,Bacillus amyloliquefaciens group"
"207465","NZ_AP018402.1","NRPS","3065","Bacillus velezensis S141 DNA, complete genome","3065","","Public","FEN","NZ_AP018402.1.region008","Bacillus velezensis S141","NRPS","false","NZ_AP018402.1.region008","velezensis","Bacteria,Firmicutes,Bacilli,Bacillales,Bacillaceae,Bacillus,Bacillus amyloliquefaciens group"
"207466","NZ_CP033967.1","NRPS","3065","Bacillus velezensis strain 1B-23 chromosome, complete genome","3065","","Public","FEN","NZ_CP033967.1.region007","Bacillus velezensis 1B-23","NRPS","false","NZ_CP033967.1.region007","velezensis","Bacteria,Firmicutes,Bacilli,Bacillales,Bacillaceae,Bacillus,Bacillus amyloliquefaciens group"
"207467","NZ_CP020367.1","NRPS","2044","Bacillus subtilis strain GQJK2 chromosome, complete genome","2044","","Public","PPS","NZ_CP020367.1.region004","Bacillus subtilis GQJK2","NRPS","false","NZ_CP020367.1.region004","subtilis","Bacteria,Firmicutes,Bacilli,Bacillales,Bacillaceae,Bacillus"
"207468","NZ_CP011882.1","NRPS","2044","Bacillus subtilis strain TO-A JPC, complete genome","2550","","Public","PPS","NZ_CP011882.1.region009","Bacillus subtilis TO-A JPC","NRPS","false","NZ_CP011882.1.region009","subtilis","Bacteria,Firmicutes,Bacilli,Bacillales,Bacillaceae,Bacillus"
"207469","NZ_CP015911.1","NRPS","3065","Bacillus velezensis strain LS69 chromosome, complete genome","3065","","Public","FEN","NZ_CP015911.1.region008","Bacillus velezensis LS69","NRPS","false","NZ_CP015911.1.region008","velezensis","Bacteria,Firmicutes,Bacilli,Bacillales,Bacillaceae,Bacillus,Bacillus amyloliquefaciens group"
"207470","NC_009725.1","NRPS","3065","Bacillus amyloliquefaciens subsp. plantarum str. FZB42, complete genome","3065","","Public","FEN","NC_009725.1.region008","Bacillus velezensis FZB42","NRPS","false","NC_009725.1.region008","velezensis","Bacteria,Firmicutes,Bacilli,Bacillales,Bacillaceae,Bacillus,Bacillus amyloliquefaciens group"
"207471","NZ_CP014471.1","NRPS","5112","Bacillus subtilis subsp. natto strain CGMCC 2108, complete genome","5112","","Public","PPS_groupE","NZ_CP014471.1.region003","Bacillus subtilis subsp. natto CGMCC 2108","NRPS","false","NZ_CP014471.1.region003","subtilis","Bacteria,Firmicutes,Bacilli,Bacillales,Bacillaceae,Bacillus"
"207472","NZ_CP021495.1","NRPS","3065","Bacillus velezensis strain GQJK49 chromosome, complete genome","3065","","Public","FEN","NZ_CP021495.1.region008","Bacillus velezensis GQJK49","NRPS","false","NZ_CP021495.1.region008","velezensis","Bacteria,Firmicutes,Bacilli,Bacillales,Bacillaceae,Bacillus,Bacillus amyloliquefaciens group"
"207473","NZ_CP035406.1","NRPS","2044","Bacillus subtilis strain SRCM103612 chromosome, complete genome","5071","","Public","PPS_others","NZ_CP035406.1.region003","Bacillus subtilis SRCM103612","NRPS","false","NZ_CP035406.1.region003","subtilis","Bacteria,Firmicutes,Bacilli,Bacillales,Bacillaceae,Bacillus"
"207474","NZ_CP028439.1","NRPS","3065","Bacillus velezensis strain 8-2 chromosome, complete genome","3065","","Public","FEN","NZ_CP028439.1.region006","Bacillus velezensis 8-2","NRPS","false","NZ_CP028439.1.region006","velezensis","Bacteria,Firmicutes,Bacilli,Bacillales,Bacillaceae,Bacillus,Bacillus amyloliquefaciens group"
"207475","NZ_CP035399.1","NRPS","2044","Bacillus velezensis strain SRCM103788 chromosome, complete genome","5085","","Public","FEN_groupB","NZ_CP035399.1.region009","Bacillus velezensis SRCM103788","NRPS","false","NZ_CP035399.1.region009","velezensis","Bacteria,Firmicutes,Bacilli,Bacillales,Bacillaceae,Bacillus,Bacillus amyloliquefaciens group"
"207476","NZ_CP021890.1","NRPS","2044","Bacillus velezensis strain SRCM101413 chromosome, complete genome","5085","","Public","FEN_groupB","NZ_CP021890.1.region008","Bacillus velezensis SRCM101413","NRPS","false","NZ_CP021890.1.region008","velezensis","Bacteria,Firmicutes,Bacilli,Bacillales,Bacillaceae,Bacillus,Bacillus amyloliquefaciens group"
"207477","NZ_CP035400.1","NRPS","2044","Bacillus subtilis strain SRCM103835 chromosome, complete genome","5071","","Public","PPS","NZ_CP035400.1.region005","Bacillus subtilis SRCM103835","NRPS","false","NZ_CP035400.1.region005","subtilis","Bacteria,Firmicutes,Bacilli,Bacillales,Bacillaceae,Bacillus"
"207478","NZ_CP035191.1","NRPS","2044","Bacillus subtilis strain SRCM104011 chromosome, complete genome","2044","","Public","PPS","NZ_CP035191.1.region005","Bacillus subtilis SRCM104011","NRPS","false","NZ_CP035191.1.region005","subtilis","Bacteria,Firmicutes,Bacilli,Bacillales,Bacillaceae,Bacillus"
"207479","NZ_LN999829.1","NRPS","3065","Bacillus methylotrophicus strain B25 genome assembly, chromosome : BAMMD1","3065","","Public","FEN","NZ_LN999829.1.region009","Bacillus velezensis B25","NRPS","false","NZ_LN999829.1.region009","velezensis","Bacteria,Firmicutes,Bacilli,Bacillales,Bacillaceae,Bacillus,Bacillus amyloliquefaciens group"
"207480","NC_022081.1","NRPS","3065","Bacillus amyloliquefaciens subsp. plantarum UCMB5113, complete genome","3065","","Public","FEN","NC_022081.1.region009","Bacillus velezensis UCMB5113","NRPS","false","NC_022081.1.region009","velezensis","Bacteria,Firmicutes,Bacilli,Bacillales,Bacillaceae,Bacillus,Bacillus amyloliquefaciens group"
"207481","NZ_CP032872.1","NRPS","5104","Bacillus subtilis subsp. subtilis strain 2KL1 chromosome, complete genome","5104","","Public","PPS_groupD","NZ_CP032872.1.region006","Bacillus subtilis subsp. subtilis 2KL1","NRPS","false","NZ_CP032872.1.region006","subtilis","Bacteria,Firmicutes,Bacilli,Bacillales,Bacillaceae,Bacillus"
"207482","NZ_CP032867.1","NRPS","5112","Bacillus subtilis subsp. subtilis strain N4-2 chromosome, complete genome","5112","","Public","PPS_groupE","NZ_CP032867.1.region007","Bacillus subtilis subsp. subtilis N4-2","NRPS","false","NZ_CP032867.1.region007","subtilis","Bacteria,Firmicutes,Bacilli,Bacillales,Bacillaceae,Bacillus"
"207483","NZ_CP032154.1","NRPS","3065","Bacillus velezensis strain ZF2 chromosome, complete genome","3065","","Public","FEN","NZ_CP032154.1.region008","Bacillus velezensis ZF2","NRPS","false","NZ_CP032154.1.region008","velezensis","Bacteria,Firmicutes,Bacilli,Bacillales,Bacillaceae,Bacillus,Bacillus amyloliquefaciens group"
"207484","NZ_CP028440.1","NRPS","3065","Bacillus velezensis strain J7-1 chromosome, complete genome","3065","","Public","FEN","NZ_CP028440.1.region004","Bacillus velezensis J7-1","NRPS","false","NZ_CP028440.1.region004","velezensis","Bacteria,Firmicutes,Bacilli,Bacillales,Bacillaceae,Bacillus,Bacillus amyloliquefaciens group"
"207485","NZ_CP033054.1","NRPS","3065","Bacillus velezensis strain Bac57 chromosome, complete genome","3065","","Public","FEN","NZ_CP033054.1.region008","Bacillus velezensis Bac57","NRPS","false","NZ_CP033054.1.region008","velezensis","Bacteria,Firmicutes,Bacilli,Bacillales,Bacillaceae,Bacillus,Bacillus amyloliquefaciens group"
"207486","NZ_CP030097.1","NRPS","3065","Bacillus amyloliquefaciens strain SH-B74 chromosome, complete genome","3065","","Public","FEN","NZ_CP030097.1.region007","Bacillus amyloliquefaciens SH-B74","NRPS","false","NZ_CP030097.1.region007","amyloliquefaciens","Bacteria,Firmicutes,Bacilli,Bacillales,Bacillaceae,Bacillus,Bacillus amyloliquefaciens group"
"207487","NZ_CP014858.1","NRPS","2044","Bacillus subtilis subsp. subtilis strain D12-5 chromosome, complete genome","2550","","Public","PPS","NZ_CP014858.1.region006","Bacillus subtilis subsp. subtilis D12-5","NRPS","false","NZ_CP014858.1.region006","subtilis","Bacteria,Firmicutes,Bacilli,Bacillales,Bacillaceae,Bacillus"
"207488","NZ_CP027429.1","NRPS","3065","Bacillus velezensis strain VCC-2003 chromosome","3065","","Public","FEN","NZ_CP027429.1.region006","Bacillus velezensis VCC-2003","NRPS","false","NZ_CP027429.1.region006","velezensis","Bacteria,Firmicutes,Bacilli,Bacillales,Bacillaceae,Bacillus,Bacillus amyloliquefaciens group"
"207489","NC_016784.1","NRPS","3065","Bacillus amyloliquefaciens subsp. plantarum CAU B946 complete genome","3065","","Public","FEN","NC_016784.1.region008","Bacillus velezensis CAU B946","NRPS","false","NC_016784.1.region008","velezensis","Bacteria,Firmicutes,Bacilli,Bacillales,Bacillaceae,Bacillus,Bacillus amyloliquefaciens group"
"207490","NZ_CP039380.1","NRPS","4005","Bacillus velezensis strain LPL-K103 chromosome, complete genome","4005","","Public","FEN","NZ_CP039380.1.region007","Bacillus velezensis LPL-K103","NRPS","false","NZ_CP039380.1.region007","velezensis","Bacteria,Firmicutes,Bacilli,Bacillales,Bacillaceae,Bacillus,Bacillus amyloliquefaciens group"
"207491","NZ_CP025941.1","NRPS","2044","Bacillus subtilis strain BJ3-2 chromosome, complete genome","5071","","Public","PPS","NZ_CP025941.1.region008","Bacillus subtilis BJ3-2","NRPS","false","NZ_CP025941.1.region008","subtilis","Bacteria,Firmicutes,Bacilli,Bacillales,Bacillaceae,Bacillus"
"207492","NZ_CP022531.1","NRPS","4005","Bacillus velezensis strain TB1501 chromosome, complete genome","4005","","Public","FEN","NZ_CP022531.1.region010","Bacillus velezensis TB1501","NRPS","false","NZ_CP022531.1.region010","velezensis","Bacteria,Firmicutes,Bacilli,Bacillales,Bacillaceae,Bacillus,Bacillus amyloliquefaciens group"
"207493","NZ_CP021338.1","NRPS","3065","Bacillus velezensis strain ZL918 chromosome, complete genome","3065","","Public","FEN_Others","NZ_CP021338.1.region009","Bacillus velezensis ZL918","NRPS","false","NZ_CP021338.1.region009","velezensis","Bacteria,Firmicutes,Bacilli,Bacillales,Bacillaceae,Bacillus,Bacillus amyloliquefaciens group"
"207494","NZ_CP029461.1","NRPS","2044","Bacillus subtilis strain QB61 chromosome, complete genome","2044","","Public","PPS","NZ_CP029461.1.region005","Bacillus subtilis QB61","NRPS","false","NZ_CP029461.1.region005","subtilis","Bacteria,Firmicutes,Bacilli,Bacillales,Bacillaceae,Bacillus"
"207495","NZ_CP007165.1","NRPS","3065","Bacillus velezensis NJN-6, complete genome","3065","","Public","FEN","NZ_CP007165.1.region009","Bacillus velezensis NJN-6","NRPS","false","NZ_CP007165.1.region009","velezensis","Bacteria,Firmicutes,Bacilli,Bacillales,Bacillaceae,Bacillus,Bacillus amyloliquefaciens group"
"207496","NZ_CP021507.1","NRPS","5104","Bacillus subtilis subsp. subtilis strain SRCM101441 chromosome, complete genome","5104","","Public","PPS_groupD","NZ_CP021507.1.region004","Bacillus subtilis subsp. subtilis SRCM101441","NRPS","false","NZ_CP021507.1.region004","subtilis","Bacteria,Firmicutes,Bacilli,Bacillales,Bacillaceae,Bacillus"
"207497","NZ_CP035161.1","NRPS","2044","Bacillus subtilis strain SRCM103862 chromosome, complete genome","2044","","Public","PPS","NZ_CP035161.1.region005","Bacillus subtilis SRCM103862","NRPS","false","NZ_CP035161.1.region005","subtilis","Bacteria,Firmicutes,Bacilli,Bacillales,Bacillaceae,Bacillus"
"207498","NC_020272.1","NRPS","3065","Bacillus amyloliquefaciens IT-45, complete genome","3065","","Public","FEN","NC_020272.1.region006","Bacillus amyloliquefaciens IT-45","NRPS","false","NC_020272.1.region006","amyloliquefaciens","Bacteria,Firmicutes,Bacilli,Bacillales,Bacillaceae,Bacillus,Bacillus amyloliquefaciens group"
"207499","NZ_CP010556.1","NRPS","3065","Bacillus velezensis strain L-H15 chromosome, complete genome","3065","","Public","FEN","NZ_CP010556.1.region008","Bacillus velezensis L-H15","NRPS","false","NZ_CP010556.1.region008","velezensis","Bacteria,Firmicutes,Bacilli,Bacillales,Bacillaceae,Bacillus,Bacillus amyloliquefaciens group"
"207500","NZ_CP045812.1","NRPS","2044","Bacillus subtilis strain P8_B3 chromosome, complete genome","2550","","Public","PPS","NZ_CP045812.1.region005","Bacillus subtilis P8_B3","NRPS","false","NZ_CP045812.1.region005","subtilis","Bacteria,Firmicutes,Bacilli,Bacillales,Bacillaceae,Bacillus"
"207501","NZ_CP011347.1","NRPS","3065","Bacillus velezensis strain YJ11-1-4 chromosome, complete genome","3065","","Public","FEN","NZ_CP011347.1.region006","Bacillus velezensis YJ11-1-4","NRPS","false","NZ_CP011347.1.region006","velezensis","Bacteria,Firmicutes,Bacilli,Bacillales,Bacillaceae,Bacillus,Bacillus amyloliquefaciens group"
"207502","NZ_CP032852.1","NRPS","5104","Bacillus subtilis subsp. subtilis strain GFR-12 chromosome, complete genome","5104","","Public","PPS_groupD","NZ_CP032852.1.region006","Bacillus subtilis subsp. subtilis GFR-12","NRPS","false","NZ_CP032852.1.region006","subtilis","Bacteria,Firmicutes,Bacilli,Bacillales,Bacillaceae,Bacillus"
"207503","NZ_CP020722.1","NRPS","5112","Bacillus subtilis strain Bs-115 chromosome, complete genome","5112","","Public","PPS_groupE","NZ_CP020722.1.region010","Bacillus subtilis Bs-115","NRPS","false","NZ_CP020722.1.region010","subtilis","Bacteria,Firmicutes,Bacilli,Bacillales,Bacillaceae,Bacillus"
"207504","NZ_CP028441.1","NRPS","3065","Bacillus velezensis strain 131-4 chromosome, complete genome","3065","","Public","FEN","NZ_CP028441.1.region007","Bacillus velezensis 131-4","NRPS","false","NZ_CP028441.1.region007","velezensis","Bacteria,Firmicutes,Bacilli,Bacillales,Bacillaceae,Bacillus,Bacillus amyloliquefaciens group"
"207505","NZ_CP026610.1","NRPS","3065","Bacillus velezensis strain CGMCC 11640 chromosome, complete genome","3065","","Public","FEN","NZ_CP026610.1.region009","Bacillus velezensis CGMCC 11640","NRPS","false","NZ_CP026610.1.region009","velezensis","Bacteria,Firmicutes,Bacilli,Bacillales,Bacillaceae,Bacillus,Bacillus amyloliquefaciens group"
"207506","NZ_CP040528.1","NRPS","2044","Bacillus subtilis strain PR10 chromosome, complete genome","2044","","Public","PPS","NZ_CP040528.1.region004","Bacillus subtilis PR10","NRPS","false","NZ_CP040528.1.region004","subtilis","Bacteria,Firmicutes,Bacilli,Bacillales,Bacillaceae,Bacillus"
"207507","NZ_CP014166.1","NRPS","2044","Bacillus subtilis subsp. subtilis strain CU1050, complete genome","2550","","Public","PPS","NZ_CP014166.1.region005","Bacillus subtilis subsp. subtilis CU1050","NRPS","false","NZ_CP014166.1.region005","subtilis","Bacteria,Firmicutes,Bacilli,Bacillales,Bacillaceae,Bacillus"
"207508","NC_017912.1","NRPS","4005","Bacillus amyloliquefaciens Y2, complete genome","4005","","Public","FEN","NC_017912.1.region008","Bacillus amyloliquefaciens Y2","NRPS","false","NC_017912.1.region008","amyloliquefaciens","Bacteria,Firmicutes,Bacilli,Bacillales,Bacillaceae,Bacillus,Bacillus amyloliquefaciens group"
"207509","NZ_CP031424.1","NRPS","3065","Bacillus amyloliquefaciens strain B-4 chromosome, complete genome","3065","","Public","FEN","NZ_CP031424.1.region008","Bacillus amyloliquefaciens B-4","NRPS","false","NZ_CP031424.1.region008","amyloliquefaciens","Bacteria,Firmicutes,Bacilli,Bacillales,Bacillaceae,Bacillus,Bacillus amyloliquefaciens group"
"207510","NZ_CP021889.1","NRPS","5104","Bacillus subtilis subsp. subtilis strain SRCM100761 chromosome, complete genome","5104","","Public","PPS_groupD","NZ_CP021889.1.region003","Bacillus subtilis subsp. subtilis SRCM100761","NRPS","false","NZ_CP021889.1.region003","subtilis","Bacteria,Firmicutes,Bacilli,Bacillales,Bacillaceae,Bacillus"
"207511","NZ_CP021499.1","NRPS","5104","Bacillus subtilis subsp. subtilis strain SRCM100757 chromosome, complete genome","5104","","Public","PPS_groupD","NZ_CP021499.1.region003","Bacillus subtilis subsp. subtilis SRCM100757","NRPS","false","NZ_CP021499.1.region003","subtilis","Bacteria,Firmicutes,Bacilli,Bacillales,Bacillaceae,Bacillus"
"207512","NZ_CP029070.1","NRPS","3065","Bacillus amyloliquefaciens strain ALB69 chromosome, complete genome","3065","","Public","FEN","NZ_CP029070.1.region008","Bacillus amyloliquefaciens ALB69","NRPS","false","NZ_CP029070.1.region008","amyloliquefaciens","Bacteria,Firmicutes,Bacilli,Bacillales,Bacillaceae,Bacillus,Bacillus amyloliquefaciens group"
"207513","NZ_CP020102.1","NRPS","2044","Bacillus subtilis strain NCIB 3610 chromosome, complete genome","2550","","Public","PPS","NZ_CP020102.1.region005","Bacillus subtilis NCIB 3610","NRPS","false","NZ_CP020102.1.region005","subtilis","Bacteria,Firmicutes,Bacilli,Bacillales,Bacillaceae,Bacillus"
"207514","NZ_CP009749.1","NRPS","3065","Bacillus subtilis strain ATCC 19217, complete genome","3065","","Public","FEN","NZ_CP009749.1.region008","Bacillus subtilis ATCC 19217","NRPS","false","NZ_CP009749.1.region008","subtilis","Bacteria,Firmicutes,Bacilli,Bacillales,Bacillaceae,Bacillus"
"207515","NZ_CP007409.1","NRPS","2044","Bacillus subtilis subsp. subtilis str. OH 131.1, complete genome","2044","","Public","PPS_others","NZ_CP007409.1.region005","Bacillus subtilis subsp. subtilis str. OH 131.1","NRPS","false","NZ_CP007409.1.region005","subtilis","Bacteria,Firmicutes,Bacilli,Bacillales,Bacillaceae,Bacillus"
"207516","NZ_CP025079.1","NRPS","3065","Bacillus velezensis strain QST713 chromosome, complete genome","3065","","Public","FEN","NZ_CP025079.1.region008","Bacillus velezensis QST713","NRPS","false","NZ_CP025079.1.region008","velezensis","Bacteria,Firmicutes,Bacilli,Bacillales,Bacillaceae,Bacillus,Bacillus amyloliquefaciens group"
"207517","NZ_CP029069.1","NRPS","3065","Bacillus amyloliquefaciens strain ALB65 chromosome, complete genome","3065","","Public","FEN","NZ_CP029069.1.region008","Bacillus amyloliquefaciens ALB65","NRPS","false","NZ_CP029069.1.region008","amyloliquefaciens","Bacteria,Firmicutes,Bacilli,Bacillales,Bacillaceae,Bacillus,Bacillus amyloliquefaciens group"
"207518","NZ_CP014990.2","NRPS","3065","Bacillus velezensis strain KD1 chromosome, complete genome","3065","","Public","FEN","NZ_CP014990.2.region007","Bacillus velezensis KD1","NRPS","false","NZ_CP014990.2.region007","velezensis","Bacteria,Firmicutes,Bacilli,Bacillales,Bacillaceae,Bacillus,Bacillus amyloliquefaciens group"
"207519","NZ_CP029034.1","NRPS","3065","Bacillus velezensis strain LDO2 chromosome, complete genome","3065","","Public","FEN","NZ_CP029034.1.region005","Bacillus velezensis LDO2","NRPS","false","NZ_CP029034.1.region005","velezensis","Bacteria,Firmicutes,Bacilli,Bacillales,Bacillaceae,Bacillus,Bacillus amyloliquefaciens group"
"207520","NZ_CP007800.1","NRPS","5104","Bacillus subtilis subsp. subtilis str. JH642 substr. AG174, complete genome","5104","","Public","PPS_groupC","NZ_CP007800.1.region005","Bacillus subtilis subsp. subtilis str. JH642 substr. AG174","NRPS","false","NZ_CP007800.1.region005","subtilis","Bacteria,Firmicutes,Bacilli,Bacillales,Bacillaceae,Bacillus"
"207521","NZ_CM000489.1","NRPS","2044","Bacillus subtilis subsp. subtilis str. JH642 chromosome, whole genome shotgun sequence","2550","","Public","PPS_others","NZ_CM000489.1.region005","Bacillus subtilis subsp. subtilis str. JH642","NRPS","false","NZ_CM000489.1.region005","subtilis","Bacteria,Firmicutes,Bacilli,Bacillales,Bacillaceae,Bacillus"
"207522","NZ_CP023320.1","NRPS","3065","Bacillus velezensis strain SCGB 1 chromosome, complete genome","3065","","Public","FEN","NZ_CP023320.1.region012","Bacillus velezensis SCGB 1","NRPS","false","NZ_CP023320.1.region012","velezensis","Bacteria,Firmicutes,Bacilli,Bacillales,Bacillaceae,Bacillus,Bacillus amyloliquefaciens group"
"207523","NZ_CP016894.1","NRPS","2044","Bacillus subtilis strain HJ0-6, complete genome","2044","","Public","PPS","NZ_CP016894.1.region005","Bacillus subtilis HJ0-6","NRPS","false","NZ_CP016894.1.region005","subtilis","Bacteria,Firmicutes,Bacilli,Bacillales,Bacillaceae,Bacillus"
"207524","NC_020244.1","NRPS","2044","Bacillus subtilis XF-1, complete genome","2044","","Public","PPS","NC_020244.1.region005","Bacillus subtilis XF-1","NRPS","false","NC_020244.1.region005","subtilis","Bacteria,Firmicutes,Bacilli,Bacillales,Bacillaceae,Bacillus"
"207525","NZ_CP024897.1","NRPS","3065","Bacillus velezensis strain CN026 chromosome, complete genome","3065","","Public","FEN","NZ_CP024897.1.region008","Bacillus velezensis CN026","NRPS","false","NZ_CP024897.1.region008","velezensis","Bacteria,Firmicutes,Bacilli,Bacillales,Bacillaceae,Bacillus,Bacillus amyloliquefaciens group"
"207526","NZ_CP024203.1","NRPS","3065","Bacillus velezensis strain NKG-1 chromosome, complete genome","3065","","Public","FEN","NZ_CP024203.1.region008","Bacillus velezensis NKG-1","NRPS","false","NZ_CP024203.1.region008","velezensis","Bacteria,Firmicutes,Bacilli,Bacillales,Bacillaceae,Bacillus,Bacillus amyloliquefaciens group"
"207527","CP045819.1","NRPS","2044","Bacillus subtilis strain MB9_B4 chromosome, complete genome","2044","","Public","PPS","CP045819.1.region005","Bacillus subtilis MB9_B4","NRPS","false","CP045819.1.region005","subtilis","Bacteria,Firmicutes,Bacilli,Bacillales,Bacillaceae,Bacillus"
"207528","CP045812.1","NRPS","2044","Bacillus subtilis strain P8_B3 chromosome, complete genome","2550","","Public","PPS","CP045812.1.region005","Bacillus subtilis P8_B3","NRPS","false","CP045812.1.region005","subtilis","Bacteria,Firmicutes,Bacilli,Bacillales,Bacillaceae,Bacillus"
"207529","NZ_CP035230.1","NRPS","2044","Bacillus subtilis strain SRCM103551 chromosome, complete genome","2044","","Public","PPS","NZ_CP035230.1.region003","Bacillus subtilis SRCM103551","NRPS","false","NZ_CP035230.1.region003","subtilis","Bacteria,Firmicutes,Bacilli,Bacillales,Bacillaceae,Bacillus"
"207530","NC_022530.1","NRPS","4005","Bacillus amyloliquefaciens subsp. plantarum NAU-B3, complete genome","4005","","Public","FEN","NC_022530.1.region006","Bacillus velezensis NAU-B3","NRPS","false","NC_022530.1.region006","velezensis","Bacteria,Firmicutes,Bacilli,Bacillales,Bacillaceae,Bacillus,Bacillus amyloliquefaciens group"
"207531","NZ_CP011534.1","NRPS","2044","Bacillus subtilis strain UD1022, complete genome","2044","","Public","PPS","NZ_CP011534.1.region004","Bacillus subtilis UD1022","NRPS","false","NZ_CP011534.1.region004","subtilis","Bacteria,Firmicutes,Bacilli,Bacillales,Bacillaceae,Bacillus"
"207532","CP045820.1","NRPS","2044","Bacillus subtilis strain MB9_B1 chromosome, complete genome","2044","","Public","PPS","CP045820.1.region005","Bacillus subtilis MB9_B1","NRPS","false","CP045820.1.region005","subtilis","Bacteria,Firmicutes,Bacilli,Bacillales,Bacillaceae,Bacillus"
"207533","NZ_CP016371.1","NRPS","3065","Bacillus velezensis strain S3-1, complete genome","3065","","Public","FEN","NZ_CP016371.1.region008","Bacillus velezensis S3-1","NRPS","false","NZ_CP016371.1.region008","velezensis","Bacteria,Firmicutes,Bacilli,Bacillales,Bacillaceae,Bacillus,Bacillus amyloliquefaciens group"
"207534","NC_017061.1","NRPS","3065","Bacillus amyloliquefaciens subsp. plantarum YAU B9601-Y2 complete genome","3065","","Public","FEN","NC_017061.1.region008","Bacillus velezensis YAU B9601-Y2","NRPS","false","NC_017061.1.region008","velezensis","Bacteria,Firmicutes,Bacilli,Bacillales,Bacillaceae,Bacillus,Bacillus amyloliquefaciens group"
"207535","NZ_CP011686.1","NRPS","3065","Bacillus velezensis strain G341 chromosome, complete genome","3065","","Public","FEN","NZ_CP011686.1.region008","Bacillus velezensis G341","NRPS","false","NZ_CP011686.1.region008","velezensis","Bacteria,Firmicutes,Bacilli,Bacillales,Bacillaceae,Bacillus,Bacillus amyloliquefaciens group"
"207536","NZ_LN649259.1","NRPS","2044","Bacillus subtilis genome assembly BS49Ch, chromosome : I","2550","","Public","PPS","NZ_LN649259.1.region005","Bacillus subtilis BS49","NRPS","false","NZ_LN649259.1.region005","subtilis","Bacteria,Firmicutes,Bacilli,Bacillales,Bacillaceae,Bacillus"
"207537","NZ_CP011346.1","NRPS","3065","Bacillus velezensis strain JJ-D34 chromosome, complete genome","3065","","Public","FEN","NZ_CP011346.1.region009","Bacillus velezensis JJ-D34","NRPS","false","NZ_CP011346.1.region009","velezensis","Bacteria,Firmicutes,Bacilli,Bacillales,Bacillaceae,Bacillus,Bacillus amyloliquefaciens group"
"207538","NZ_CP009679.1","NRPS","3065","Bacillus velezensis strain JS25R chromosome, complete genome","3065","","Public","FEN","NZ_CP009679.1.region008","Bacillus velezensis JS25R","NRPS","false","NZ_CP009679.1.region008","velezensis","Bacteria,Firmicutes,Bacilli,Bacillales,Bacillaceae,Bacillus,Bacillus amyloliquefaciens group"
"207539","NZ_CP007242.1","NRPS","3065","Bacillus amyloliquefaciens subsp. amyloliquefaciens KHG19, complete genome","3065","","Public","FEN","NZ_CP007242.1.region007","Bacillus amyloliquefaciens KHG19","NRPS","false","NZ_CP007242.1.region007","amyloliquefaciens","Bacteria,Firmicutes,Bacilli,Bacillales,Bacillaceae,Bacillus,Bacillus amyloliquefaciens group"
"207540","NZ_CP023431.1","NRPS","3065","Bacillus velezensis strain SCGB 574 chromosome, complete genome","3065","","Public","FEN","NZ_CP023431.1.region013","Bacillus velezensis SCGB 574","NRPS","false","NZ_CP023431.1.region013","velezensis","Bacteria,Firmicutes,Bacilli,Bacillales,Bacillaceae,Bacillus,Bacillus amyloliquefaciens group"
"207541","NZ_CP021123.1","NRPS","2044","Bacillus subtilis strain SEM-9 chromosome, complete genome","2044","","Public","PPS","NZ_CP021123.1.region007","Bacillus subtilis SEM-9","NRPS","false","NZ_CP021123.1.region007","subtilis","Bacteria,Firmicutes,Bacilli,Bacillales,Bacillaceae,Bacillus"
"207542","NZ_CP035163.1","NRPS","2044","Bacillus subtilis strain SRCM103923 chromosome, complete genome","2044","","Public","PPS","NZ_CP035163.1.region005","Bacillus subtilis SRCM103923","NRPS","false","NZ_CP035163.1.region005","subtilis","Bacteria,Firmicutes,Bacilli,Bacillales,Bacillaceae,Bacillus"
"207543","NZ_CP015004.1","NRPS","2044","Bacillus subtilis strain SZMC 6179J, complete genome","2550","","Public","PPS","NZ_CP015004.1.region005","Bacillus subtilis SZMC 6179J","NRPS","false","NZ_CP015004.1.region005","subtilis","Bacteria,Firmicutes,Bacilli,Bacillales,Bacillaceae,Bacillus"
"207544","NZ_CP013654.1","NRPS","2044","Bacillus subtilis subsp. subtilis strain BSD-2, complete genome","2044","","Public","PPS","NZ_CP013654.1.region004","Bacillus subtilis subsp. subtilis BSD-2","NRPS","false","NZ_CP013654.1.region004","subtilis","Bacteria,Firmicutes,Bacilli,Bacillales,Bacillaceae,Bacillus"
"207545","NZ_CP014700.1","NRPS","3065","Bacillus amyloliquefaciens strain S499, complete genome","3065","","Public","FEN","NZ_CP014700.1.region004","Bacillus amyloliquefaciens S499","NRPS","false","NZ_CP014700.1.region004","amyloliquefaciens","Bacteria,Firmicutes,Bacilli,Bacillales,Bacillaceae,Bacillus,Bacillus amyloliquefaciens group"
"207546","CP041144.1","NRPS","3065","Bacillus velezensis strain UCMB5044 chromosome, complete genome","3065","","Public","FEN","CP041144.1.region008","Bacillus velezensis UCMB5044","NRPS","false","CP041144.1.region008","velezensis","Bacteria,Firmicutes,Bacilli,Bacillales,Bacillaceae,Bacillus,Bacillus amyloliquefaciens group"
"207547","NZ_CM000490.1","NRPS","2044","Bacillus subtilis subsp. subtilis str. SMY chromosome, whole genome shotgun sequence","2550","","Public","PPS","NZ_CM000490.1.region005","Bacillus subtilis subsp. subtilis str. SMY","NRPS","false","NZ_CM000490.1.region005","subtilis","Bacteria,Firmicutes,Bacilli,Bacillales,Bacillaceae,Bacillus"
"207548","NZ_CP017112.1","NRPS","2044","Bacillus subtilis strain BS16045, complete genome","2550","","Public","PPS","NZ_CP017112.1.region005","Bacillus subtilis BS16045","NRPS","false","NZ_CP017112.1.region005","subtilis","Bacteria,Firmicutes,Bacilli,Bacillales,Bacillaceae,Bacillus"
"207549","CP045811.1","NRPS","2044","Bacillus subtilis strain P9_B1 chromosome, complete genome","2550","","Public","PPS","CP045811.1.region005","Bacillus subtilis P9_B1","NRPS","false","CP045811.1.region005","subtilis","Bacteria,Firmicutes,Bacilli,Bacillales,Bacillaceae,Bacillus"
"207550","NZ_CP019040.1","NRPS","3065","Bacillus velezensis strain GH1-13 chromosome, complete genome","3065","","Public","FEN","NZ_CP019040.1.region008","Bacillus velezensis GH1-13","NRPS","false","NZ_CP019040.1.region008","velezensis","Bacteria,Firmicutes,Bacilli,Bacillales,Bacillaceae,Bacillus,Bacillus amyloliquefaciens group"
"207551","CP045824.1","NRPS","2044","Bacillus subtilis strain MB8_B10 chromosome, complete genome","2044","","Public","PPS","CP045824.1.region005","Bacillus subtilis MB8_B10","NRPS","false","CP045824.1.region005","subtilis","Bacteria,Firmicutes,Bacilli,Bacillales,Bacillaceae,Bacillus"
"207552","NZ_CP033576.1","NRPS","4005","Bacillus velezensis strain NY12-2 chromosome, complete genome","4005","","Public","FEN_groupB","NZ_CP033576.1.region015","Bacillus velezensis NY12-2","NRPS","false","NZ_CP033576.1.region015","velezensis","Bacteria,Firmicutes,Bacilli,Bacillales,Bacillaceae,Bacillus,Bacillus amyloliquefaciens group"
"207553","NZ_CP016395.1","NRPS","3065","Bacillus velezensis strain M75 chromosome, complete genome","3065","","Public","FEN","NZ_CP016395.1.region009","Bacillus velezensis M75","NRPS","false","NZ_CP016395.1.region009","velezensis","Bacteria,Firmicutes,Bacilli,Bacillales,Bacillaceae,Bacillus,Bacillus amyloliquefaciens group"
"207554","NZ_CP035401.1","NRPS","2044","Bacillus subtilis strain SRCM103837 chromosome, complete genome","2044","","Public","PPS","NZ_CP035401.1.region005","Bacillus subtilis SRCM103837","NRPS","false","NZ_CP035401.1.region005","subtilis","Bacteria,Firmicutes,Bacilli,Bacillales,Bacillaceae,Bacillus"
"207555","CP045825.1","NRPS","2044","Bacillus subtilis strain 75 chromosome, complete genome","2044","","Public","PPS","CP045825.1.region005","Bacillus subtilis 75","NRPS","false","CP045825.1.region005","subtilis","Bacteria,Firmicutes,Bacilli,Bacillales,Bacillaceae,Bacillus"
"207556","NZ_CP020915.1","NRPS","2044","Bacillus subtilis strain 50-1 chromosome, complete genome","2550","","Public","PPS","NZ_CP020915.1.region002","Bacillus subtilis 50-1","NRPS","false","NZ_CP020915.1.region002","subtilis","Bacteria,Firmicutes,Bacilli,Bacillales,Bacillaceae,Bacillus"
"207557","NC_017195.1","NRPS","2044","Bacillus subtilis subsp. subtilis RO-NN-1, complete genome","2044","","Public","PPS","NC_017195.1.region004","Bacillus subtilis subsp. subtilis str. RO-NN-1","NRPS","false","NC_017195.1.region004","subtilis","Bacteria,Firmicutes,Bacilli,Bacillales,Bacillaceae,Bacillus"
"207558","NZ_CP039297.1","NRPS","3065","Bacillus velezensis isolate UFLA258 chromosome, complete genome","3065","","Public","FEN","NZ_CP039297.1.region008","Bacillus velezensis UFLA258","NRPS","false","NZ_CP039297.1.region008","velezensis","Bacteria,Firmicutes,Bacilli,Bacillales,Bacillaceae,Bacillus,Bacillus amyloliquefaciens group"
"207559","NZ_CP040378.1","NRPS","3065","Bacillus velezensis strain P34 chromosome","3065","","Public","FEN","NZ_CP040378.1.region009","Bacillus velezensis P34","NRPS","false","NZ_CP040378.1.region009","velezensis","Bacteria,Firmicutes,Bacilli,Bacillales,Bacillaceae,Bacillus,Bacillus amyloliquefaciens group"
"207560","NZ_CP018200.1","NRPS","3065","Bacillus amyloliquefaciens strain WS-8 chromosome, complete genome","3065","","Public","FEN","NZ_CP018200.1.region004","Bacillus amyloliquefaciens WS-8","NRPS","false","NZ_CP018200.1.region004","amyloliquefaciens","Bacteria,Firmicutes,Bacilli,Bacillales,Bacillaceae,Bacillus,Bacillus amyloliquefaciens group"
"207561","CP041145.1","NRPS","4005","Bacillus velezensis strain At1 chromosome, complete genome","4005","","Public","FEN","CP041145.1.region009","Bacillus velezensis At1","NRPS","false","CP041145.1.region009","velezensis","Bacteria,Firmicutes,Bacilli,Bacillales,Bacillaceae,Bacillus,Bacillus amyloliquefaciens group"
"207562","NZ_CP032144.1","NRPS","3065","Bacillus velezensis strain BIM B-439D chromosome, complete genome","3065","","Public","FEN","NZ_CP032144.1.region008","Bacillus velezensis BIM B-439D","NRPS","false","NZ_CP032144.1.region008","velezensis","Bacteria,Firmicutes,Bacilli,Bacillales,Bacillaceae,Bacillus,Bacillus amyloliquefaciens group"
"207563","NZ_CP013727.1","NRPS","3065","Bacillus amyloliquefaciens strain MBE1283, complete genome","3065","","Public","FEN","NZ_CP013727.1.region004","Bacillus amyloliquefaciens MBE1283","NRPS","false","NZ_CP013727.1.region004","amyloliquefaciens","Bacteria,Firmicutes,Bacilli,Bacillales,Bacillaceae,Bacillus,Bacillus amyloliquefaciens group"
"207564","NZ_CP035411.1","NRPS","2044","Bacillus subtilis strain SRCM103622 chromosome, complete genome","2550","","Public","PPS","NZ_CP035411.1.region005","Bacillus subtilis SRCM103622","NRPS","false","NZ_CP035411.1.region005","subtilis","Bacteria,Firmicutes,Bacilli,Bacillales,Bacillaceae,Bacillus"
"207565","NZ_CP007173.1","NRPS","2044","Bacillus subtilis HJ5, complete genome","2044","","Public","PPS","NZ_CP007173.1.region005","Bacillus subtilis HJ5","NRPS","false","NZ_CP007173.1.region005","subtilis","Bacteria,Firmicutes,Bacilli,Bacillales,Bacillaceae,Bacillus"
"207566","NZ_CP005997.1","NRPS","2044","Bacillus subtilis TOA, complete genome","2550","","Public","PPS","NZ_CP005997.1.region005","Bacillus subtilis TO-A","NRPS","false","NZ_CP005997.1.region005","subtilis","Bacteria,Firmicutes,Bacilli,Bacillales,Bacillaceae,Bacillus"
"207567","NZ_CP018152.1","NRPS","3065","Bacillus amyloliquefaciens strain LM2303 chromosome, complete genome","3065","","Public","FEN","NZ_CP018152.1.region011","Bacillus amyloliquefaciens LM2303","NRPS","false","NZ_CP018152.1.region011","amyloliquefaciens","Bacteria,Firmicutes,Bacilli,Bacillales,Bacillaceae,Bacillus,Bacillus amyloliquefaciens group"
"207568","NZ_CP018007.1","NRPS","3065","Bacillus velezensis strain sx01604 chromosome, complete genome","3065","","Public","FEN","NZ_CP018007.1.region006","Bacillus velezensis sx01604","NRPS","false","NZ_CP018007.1.region006","velezensis","Bacteria,Firmicutes,Bacilli,Bacillales,Bacillaceae,Bacillus,Bacillus amyloliquefaciens group"
"207569","NZ_CP022556.1","NRPS","3065","Bacillus velezensis strain NJAU-Z9 chromosome, complete genome","3065","","Public","FEN","NZ_CP022556.1.region004","Bacillus velezensis NJAU-Z9","NRPS","false","NZ_CP022556.1.region004","velezensis","Bacteria,Firmicutes,Bacilli,Bacillales,Bacillaceae,Bacillus,Bacillus amyloliquefaciens group"
"207570","NZ_CP018133.1","NRPS","4005","Bacillus velezensis strain ATR2 chromosome, complete genome","4005","","Public","FEN","NZ_CP018133.1.region009","Bacillus velezensis ATR2","NRPS","false","NZ_CP018133.1.region009","velezensis","Bacteria,Firmicutes,Bacilli,Bacillales,Bacillaceae,Bacillus,Bacillus amyloliquefaciens group"
"207571","NZ_CP022341.1","NRPS","3065","Bacillus velezensis strain 157 chromosome, complete genome","3065","","Public","FEN","NZ_CP022341.1.region008","Bacillus velezensis 157","NRPS","false","NZ_CP022341.1.region008","velezensis","Bacteria,Firmicutes,Bacilli,Bacillales,Bacillaceae,Bacillus,Bacillus amyloliquefaciens group"
"207572","NZ_CP028437.1","NRPS","3065","Bacillus velezensis strain DR-08 chromosome, complete genome","3065","","Public","FEN","NZ_CP028437.1.region008","Bacillus velezensis DR-08","NRPS","false","NZ_CP028437.1.region008","velezensis","Bacteria,Firmicutes,Bacilli,Bacillales,Bacillaceae,Bacillus,Bacillus amyloliquefaciens group"
"207573","NZ_CP016767.1","NRPS","2044","Bacillus subtilis strain CW14 chromosome, complete genome","2044","","Public","PPS","NZ_CP016767.1.region003","Bacillus subtilis CW14","NRPS","false","NZ_CP016767.1.region003","subtilis","Bacteria,Firmicutes,Bacilli,Bacillales,Bacillaceae,Bacillus"
"207574","NZ_CP035394.1","NRPS","2044","Bacillus subtilis strain SRCM103696 chromosome, complete genome","2550","","Public","PPS","NZ_CP035394.1.region005","Bacillus subtilis SRCM103696","NRPS","false","NZ_CP035394.1.region005","subtilis","Bacteria,Firmicutes,Bacilli,Bacillales,Bacillaceae,Bacillus"
"207575","NZ_CP011115.1","NRPS","2044","Bacillus subtilis KCTC 1028, complete genome","2550","","Public","PPS","NZ_CP011115.1.region005","Bacillus subtilis KCTC 1028 = ATCC 6051a","NRPS","false","NZ_CP011115.1.region005","subtilis","Bacteria,Firmicutes,Bacilli,Bacillales,Bacillaceae,Bacillus"
"207576","NZ_CP021169.1","NRPS","2044","Bacillus subtilis strain TLO3 chromosome, complete genome","2044","","Public","PPS","NZ_CP021169.1.region004","Bacillus subtilis TLO3","NRPS","false","NZ_CP021169.1.region004","subtilis","Bacteria,Firmicutes,Bacilli,Bacillales,Bacillaceae,Bacillus"
"207577","CP045823.1","NRPS","2044","Bacillus subtilis strain MB8_B1 chromosome, complete genome","2044","","Public","PPS","CP045823.1.region005","Bacillus subtilis MB8_B1","NRPS","false","CP045823.1.region005","subtilis","Bacteria,Firmicutes,Bacilli,Bacillales,Bacillaceae,Bacillus"
"207578","CP045922.1","NRPS","2044","Bacillus subtilis strain P8_B1 chromosome, complete genome","2550","P8_B1","Public","PPS","CP045922.1.region005","Bacillus subtilis P8_B1","NRPS","false","CP045922.1.region005","subtilis","Bacteria,Firmicutes,Bacilli,Bacillales,Bacillaceae,Bacillus"
"207579","NZ_CP007244.1","NRPS","3065","Bacillus amyloliquefaciens subsp. plantarum TrigoCor1448, complete genome","3065","","Public","FEN","NZ_CP007244.1.region007","Bacillus velezensis TrigoCor1448","NRPS","false","NZ_CP007244.1.region007","velezensis","Bacteria,Firmicutes,Bacilli,Bacillales,Bacillaceae,Bacillus,Bacillus amyloliquefaciens group"
"207580","NC_022075.1","NRPS","3065","Bacillus amyloliquefaciens subsp. plantarum UCMB5033, complete genome","3065","","Public","FEN_Others","NC_022075.1.region008","Bacillus velezensis UCMB5033 UCMB-5033","NRPS","false","NC_022075.1.region008","velezensis","Bacteria,Firmicutes,Bacilli,Bacillales,Bacillaceae,Bacillus,Bacillus amyloliquefaciens group"
"207581","NZ_CP034203.1","NRPS","3065","Bacillus velezensis strain 83 chromosome, complete genome","3065","","Public","FEN","NZ_CP034203.1.region009","Bacillus velezensis 83","NRPS","false","NZ_CP034203.1.region009","velezensis","Bacteria,Firmicutes,Bacilli,Bacillales,Bacillaceae,Bacillus,Bacillus amyloliquefaciens group"
"207582","NZ_CP032146.1","NRPS","3065","Bacillus amyloliquefaciens strain YP6 chromosome, complete genome","3065","","Public","FEN","NZ_CP032146.1.region009","Bacillus amyloliquefaciens YP6","NRPS-like.NRPS","false","NZ_CP032146.1.region009","amyloliquefaciens","Bacteria,Firmicutes,Bacilli,Bacillales,Bacillaceae,Bacillus,Bacillus amyloliquefaciens group"
"207583","NZ_CP034484.1","NRPS","2044","Bacillus subtilis subsp. subtilis NCIB 3610 = ATCC 6051 strain NCIB 3610 chromosome, complete genome","2550","NCIB 3610","Public","PPS_others","NZ_CP034484.1.region005","Bacillus subtilis subsp. subtilis NCIB 3610 = ATCC 6051","NRPS","false","NZ_CP034484.1.region005","subtilis","Bacteria,Firmicutes,Bacilli,Bacillales,Bacillaceae,Bacillus"
"207584","NZ_CP021903.1","NRPS","2044","Bacillus subtilis strain ge28 chromosome, complete genome","2044","","Public","PPS","NZ_CP021903.1.region005","Bacillus subtilis ge28","NRPS","false","NZ_CP021903.1.region005","subtilis","Bacteria,Firmicutes,Bacilli,Bacillales,Bacillaceae,Bacillus"
"207585","NZ_CP024797.1","NRPS","3065","Bacillus velezensis strain TJ02 chromosome, complete genome","3065","","Public","FEN","NZ_CP024797.1.region008","Bacillus velezensis TJ02","NRPS","false","NZ_CP024797.1.region008","velezensis","Bacteria,Firmicutes,Bacilli,Bacillales,Bacillaceae,Bacillus,Bacillus amyloliquefaciens group"
"207586","NZ_CP021976.1","NRPS","3065","Bacillus velezensis strain T20E-257 chromosome, complete genome","3065","","Public","FEN","NZ_CP021976.1.region008","Bacillus velezensis T20E-257","NRPS","false","NZ_CP021976.1.region008","velezensis","Bacteria,Firmicutes,Bacilli,Bacillales,Bacillaceae,Bacillus,Bacillus amyloliquefaciens group"
"207587","NZ_CP035413.1","NRPS","2044","Bacillus subtilis strain SRCM103629 chromosome, complete genome","2044","","Public","PPS","NZ_CP035413.1.region005","Bacillus subtilis SRCM103629","NRPS","false","NZ_CP035413.1.region005","subtilis","Bacteria,Firmicutes,Bacilli,Bacillales,Bacillaceae,Bacillus"
"207588","NZ_CP029609.1","NRPS","2044","Bacillus subtilis subsp. subtilis strain G7 chromosome, complete genome","5071","","Public","PPS","NZ_CP029609.1.region006","Bacillus subtilis subsp. subtilis G7","NRPS","false","NZ_CP029609.1.region006","subtilis","Bacteria,Firmicutes,Bacilli,Bacillales,Bacillaceae,Bacillus"
"207589","NZ_CP028375.1","NRPS","3065","Bacillus velezensis strain W1 chromosome, complete genome","3065","","Public","FEN","NZ_CP028375.1.region008","Bacillus velezensis W1","NRPS","false","NZ_CP028375.1.region008","velezensis","Bacteria,Firmicutes,Bacilli,Bacillales,Bacillaceae,Bacillus,Bacillus amyloliquefaciens group"
"207590","NZ_CP017953.1","NRPS","3065","Bacillus amyloliquefaciens strain Y14, complete genome","3065","","Public","FEN","NZ_CP017953.1.region008","Bacillus amyloliquefaciens Y14","NRPS","false","NZ_CP017953.1.region008","amyloliquefaciens","Bacteria,Firmicutes,Bacilli,Bacillales,Bacillaceae,Bacillus,Bacillus amyloliquefaciens group"
"207591","NZ_CP016852.1","NRPS","2044","Bacillus subtilis subsp. subtilis strain 168G, complete genome","2550","","Public","PPS","NZ_CP016852.1.region005","Bacillus subtilis subsp. subtilis 168G","NRPS","false","NZ_CP016852.1.region005","subtilis","Bacteria,Firmicutes,Bacilli,Bacillales,Bacillaceae,Bacillus"
"207592","NZ_CP010053.1","NRPS","2044","Bacillus subtilis strain PS832, complete genome","2550","","Public","PPS","NZ_CP010053.1.region005","Bacillus subtilis PS832","NRPS","false","NZ_CP010053.1.region005","subtilis","Bacteria,Firmicutes,Bacilli,Bacillales,Bacillaceae,Bacillus"
"207593","NZ_CP010314.1","NRPS","2044","Bacillus subtilis subsp. subtilis strain 3NA, complete genome","2550","","Public","PPS","NZ_CP010314.1.region005","Bacillus subtilis subsp. subtilis 3NA","NRPS","false","NZ_CP010314.1.region005","subtilis","Bacteria,Firmicutes,Bacilli,Bacillales,Bacillaceae,Bacillus"
"207594","NZ_CP008698.1","NRPS","5104","Bacillus subtilis subsp. subtilis str. AG1839, complete genome","5104","","Public","PPS_groupC","NZ_CP008698.1.region005","Bacillus subtilis subsp. subtilis str. AG1839","NRPS","false","NZ_CP008698.1.region005","subtilis","Bacteria,Firmicutes,Bacilli,Bacillales,Bacillaceae,Bacillus"
"207595","NZ_CP020874.1","NRPS","3065","Bacillus velezensis strain GYL4 chromosome, complete genome","3065","","Public","FEN","NZ_CP020874.1.region003","Bacillus velezensis GYL4","NRPS","false","NZ_CP020874.1.region003","velezensis","Bacteria,Firmicutes,Bacilli,Bacillales,Bacillaceae,Bacillus,Bacillus amyloliquefaciens group"
"207596","NZ_CP022287.1","NRPS","2044","Bacillus subtilis strain SX01705 chromosome, complete genome","2044","","Public","PPS","NZ_CP022287.1.region005","Bacillus subtilis SX01705","NRPS","false","NZ_CP022287.1.region005","subtilis","Bacteria,Firmicutes,Bacilli,Bacillales,Bacillaceae,Bacillus"
"207597","NC_000964.3","NRPS","2044","Bacillus subtilis subsp. subtilis str. 168 complete genome","2550","","Public","PPS","NC_000964.3.region005","Bacillus subtilis subsp. subtilis str. 168","NRPS","false","NC_000964.3.region005","subtilis","Bacteria,Firmicutes,Bacilli,Bacillales,Bacillaceae,Bacillus"
"207598","NZ_CP022391.1","NRPS","2044","Bacillus subtilis strain GS 188 genome","2550","","Public","PPS","NZ_CP022391.1.region005","Bacillus subtilis GS 188","NRPS","false","NZ_CP022391.1.region005","subtilis","Bacteria,Firmicutes,Bacilli,Bacillales,Bacillaceae,Bacillus"
"207599","CP045818.1","NRPS","2044","Bacillus subtilis strain MB9_B6 chromosome, complete genome","2044","","Public","PPS","CP045818.1.region005","Bacillus subtilis MB9_B6","NRPS","false","CP045818.1.region005","subtilis","Bacteria,Firmicutes,Bacilli,Bacillales,Bacillaceae,Bacillus"
"207600","NZ_CP032506.1","NRPS","3065","Bacillus velezensis strain JT3-1 chromosome, complete genome","3065","","Public","FEN","NZ_CP032506.1.region007","Bacillus velezensis JT3-1","NRPS","false","NZ_CP032506.1.region007","velezensis","Bacteria,Firmicutes,Bacilli,Bacillales,Bacillaceae,Bacillus,Bacillus amyloliquefaciens group"
"207601","BGC0001095.1","NRPS","3065","Fengycin biosynthetic gene cluster","3065","Fengycin","MIBIG","FEN","BGC0001095.1","Bacillus amyloliquefaciens subsp. plantarum str. FZB42","nrps","false","BGC0001095.1","amyloliquefaciens","Bacteria,Firmicutes,Bacilli,Bacillales,Bacillaceae,Bacillus"
"207602","NZ_CP031880.1","NRPS","4005","Bacillus velezensis strain OSY-GA1 chromosome","4005","","Public","FEN_groupC","NZ_CP031880.1.region009","Bacillus velezensis OSY-GA1","NRPS","false","NZ_CP031880.1.region009","velezensis","Bacteria,Firmicutes,Bacilli,Bacillales,Bacillaceae,Bacillus,Bacillus amyloliquefaciens group"
"207603","NZ_CP023075.1","NRPS","4005","Bacillus velezensis strain K26 chromosome, complete genome","4005","","Public","FEN_groupB","NZ_CP023075.1.region009","Bacillus velezensis K26","NRPS","false","NZ_CP023075.1.region009","velezensis","Bacteria,Firmicutes,Bacilli,Bacillales,Bacillaceae,Bacillus,Bacillus amyloliquefaciens group"
"207604","NZ_CP037417.1","NRPS","3065","Bacillus velezensis strain LB002 chromosome, complete genome","3065","","Public","FEN","NZ_CP037417.1.region009","Bacillus velezensis LB002","NRPS","false","NZ_CP037417.1.region009","velezensis","Bacteria,Firmicutes,Bacilli,Bacillales,Bacillaceae,Bacillus,Bacillus amyloliquefaciens group"
"207605","NZ_CP023859.1","NRPS","3065","Bacillus velezensis strain L-1 chromosome, complete genome","3065","","Public","FEN","NZ_CP023859.1.region010","Bacillus velezensis L-1","NRPS","false","NZ_CP023859.1.region010","velezensis","Bacteria,Firmicutes,Bacilli,Bacillales,Bacillaceae,Bacillus,Bacillus amyloliquefaciens group"
"207606","NZ_CP033205.1","NRPS","2044","Bacillus subtilis strain MBI 600 chromosome, complete genome","2550","","Public","PPS","NZ_CP033205.1.region005","Bacillus subtilis MBI 600","NRPS","false","NZ_CP033205.1.region005","subtilis","Bacteria,Firmicutes,Bacilli,Bacillales,Bacillaceae,Bacillus"
"207607","NC_014976.1","NRPS","2044","Bacillus subtilis BSn5, complete genome","2550","","Public","PPS","NC_014976.1.region001","Bacillus subtilis BSn5","NRPS","false","NC_014976.1.region001","subtilis","Bacteria,Firmicutes,Bacilli,Bacillales,Bacillaceae,Bacillus"
"207608","NZ_CP015375.1","NRPS","2044","Bacillus subtilis subsp. subtilis strain KCTC 3135, complete genome","2550","","Public","PPS_others","NZ_CP015375.1.region010","Bacillus subtilis subsp. subtilis KCTC 3135","NRPS","false","NZ_CP015375.1.region010","subtilis","Bacteria,Firmicutes,Bacilli,Bacillales,Bacillaceae,Bacillus"
"207609","NZ_CP018295.1","NRPS","3065","Bacillus subtilis strain J-5, complete genome","3065","","Public","FEN","NZ_CP018295.1.region008","Bacillus subtilis J-5","NRPS","false","NZ_CP018295.1.region008","subtilis","Bacteria,Firmicutes,Bacilli,Bacillales,Bacillaceae,Bacillus"
"207610","NC_019842.1","NRPS","3065","Bacillus velezensis AS43.3, complete sequence","3065","","Public","FEN","NC_019842.1.region009","Bacillus velezensis AS43.3","NRPS","false","NC_019842.1.region009","velezensis","Bacteria,Firmicutes,Bacilli,Bacillales,Bacillaceae,Bacillus,Bacillus amyloliquefaciens group"
"207611","NZ_CP017314.1","NRPS","5104","Bacillus subtilis strain BS38, complete genome","5104","","Public","PPS_groupD","NZ_CP017314.1.region003","Bacillus subtilis BS38","NRPS","false","NZ_CP017314.1.region003","subtilis","Bacteria,Firmicutes,Bacilli,Bacillales,Bacillaceae,Bacillus"
"207612","NZ_CP039935.1","NRPS","2044","Bacillus subtilis strain H19 chromosome, complete genome","5071","","Public","PPS","NZ_CP039935.1.region005","Bacillus subtilis H19","NRPS","false","NZ_CP039935.1.region005","subtilis","Bacteria,Firmicutes,Bacilli,Bacillales,Bacillaceae,Bacillus"
"207613","NC_017743.1","NRPS","2044","Bacillus sp. JS, complete genome","2550","","Public","PPS","NC_017743.1.region005","Bacillus sp. JS","NRPS","false","NC_017743.1.region005","sp.","Bacteria,Firmicutes,Bacilli,Bacillales,Bacillaceae,Bacillus"
"207614","NZ_CP023414.1","NRPS","3065","Bacillus velezensis strain BS-37 chromosome, complete genome","3065","","Public","FEN","NZ_CP023414.1.region006","Bacillus velezensis BS-37","NRPS","false","NZ_CP023414.1.region006","velezensis","Bacteria,Firmicutes,Bacilli,Bacillales,Bacillaceae,Bacillus,Bacillus amyloliquefaciens group"
"207615","NZ_CP006058.1","NRPS","3065","Bacillus amyloliquefaciens UMAF6639, complete genome","3065","","Public","FEN","NZ_CP006058.1.region003","Bacillus amyloliquefaciens UMAF6639","NRPS","false","NZ_CP006058.1.region003","amyloliquefaciens","Bacteria,Firmicutes,Bacilli,Bacillales,Bacillaceae,Bacillus,Bacillus amyloliquefaciens group"
"207616","NZ_CP034176.1","NRPS","3065","Bacillus velezensis strain MH25 chromosome, complete genome","3065","","Public","FEN","NZ_CP034176.1.region008","Bacillus velezensis MH25","NRPS","false","NZ_CP034176.1.region008","velezensis","Bacteria,Firmicutes,Bacilli,Bacillales,Bacillaceae,Bacillus,Bacillus amyloliquefaciens group"
"207617","NZ_CP021011.1","NRPS","3065","Bacillus velezensis strain GFP-2 chromosome, complete genome","3065","","Public","FEN","NZ_CP021011.1.region014","Bacillus velezensis GFP-2","NRPS","false","NZ_CP021011.1.region014","velezensis","Bacteria,Firmicutes,Bacilli,Bacillales,Bacillaceae,Bacillus,Bacillus amyloliquefaciens group"
"207618","NZ_CP030150.1","NRPS","3065","Bacillus velezensis strain DSYZ chromosome, complete genome","3065","","Public","FEN","NZ_CP030150.1.region009","Bacillus velezensis DSYZ","NRPS","false","NZ_CP030150.1.region009","velezensis","Bacteria,Firmicutes,Bacilli,Bacillales,Bacillaceae,Bacillus,Bacillus amyloliquefaciens group"
"207619","NZ_CP029296.1","NRPS","3065","Bacillus velezensis strain AP183 chromosome","3065","","Public","FEN","NZ_CP029296.1.region008","Bacillus velezensis AP183","NRPS","false","NZ_CP029296.1.region008","velezensis","Bacteria,Firmicutes,Bacilli,Bacillales,Bacillaceae,Bacillus,Bacillus amyloliquefaciens group"
"207620","NZ_CP017676.1","NRPS","2044","Bacillus subtilis strain VV2, complete genome","2044","","Public","PPS","NZ_CP017676.1.region008","Bacillus subtilis VV2","NRPS","false","NZ_CP017676.1.region008","subtilis","Bacteria,Firmicutes,Bacilli,Bacillales,Bacillaceae,Bacillus"
"207621","NC_020507.1","NRPS","2044","Bacillus subtilis subsp. subtilis 6051-HGW, complete genome","2550","","Public","PPS","NC_020507.1.region005","Bacillus subtilis subsp. subtilis 6051-HGW","NRPS","false","NC_020507.1.region005","subtilis","Bacteria,Firmicutes,Bacilli,Bacillales,Bacillaceae,Bacillus"
"207622","NZ_CP009611.1","NRPS","3065","Bacillus subtilis strain Bs-916, complete genome","3065","","Public","FEN","NZ_CP009611.1.region008","Bacillus subtilis Bs-916","NRPS","false","NZ_CP009611.1.region008","subtilis","Bacteria,Firmicutes,Bacilli,Bacillales,Bacillaceae,Bacillus"
"207623","NC_020410.1","NRPS","3065","Bacillus amyloliquefaciens subsp. plantarum UCMB5036 complete genome","3065","","Public","FEN","NC_020410.1.region007","Bacillus velezensis UCMB5036","NRPS","false","NC_020410.1.region007","velezensis","Bacteria,Firmicutes,Bacilli,Bacillales,Bacillaceae,Bacillus,Bacillus amyloliquefaciens group"
"207624","NZ_CP035414.1","NRPS","5104","Bacillus subtilis strain SRCM103637 chromosome, complete genome","5104","","Public","PPS_groupD","NZ_CP035414.1.region003","Bacillus subtilis SRCM103637","NRPS","false","NZ_CP035414.1.region003","subtilis","Bacteria,Firmicutes,Bacilli,Bacillales,Bacillaceae,Bacillus"
"207625","NZ_CP035395.1","NRPS","5104","Bacillus subtilis strain SRCM103697 chromosome, complete genome","5104","","Public","PPS_groupD","NZ_CP035395.1.region004","Bacillus subtilis SRCM103697","NRPS","false","NZ_CP035395.1.region004","subtilis","Bacteria,Firmicutes,Bacilli,Bacillales,Bacillaceae,Bacillus"
"207626","NZ_CP025308.1","NRPS","3065","Bacillus velezensis strain Lzh-a42 chromosome, complete genome","3065","","Public","FEN","NZ_CP025308.1.region008","Bacillus velezensis Lzh-a42","NRPS","false","NZ_CP025308.1.region008","velezensis","Bacteria,Firmicutes,Bacilli,Bacillales,Bacillaceae,Bacillus,Bacillus amyloliquefaciens group"
"207627","CP041143.1","NRPS","3065","Bacillus velezensis strain UCMB5007 chromosome, complete genome","3065","","Public","FEN","CP041143.1.region008","Bacillus velezensis UCMB5007","NRPS","false","CP041143.1.region008","velezensis","Bacteria,Firmicutes,Bacilli,Bacillales,Bacillaceae,Bacillus,Bacillus amyloliquefaciens group"
