name,Accesion ID,Organism,species,PATRIC,Location,Product Prediction,BiG-SCAPE class,Family Number,Clan Number,Groups,AA_domain_list
NZ_CP034037.1.region007,NZ_CP034037.1,Bacillus velezensis BCSo1,velezensis,492670.346,Turkey,NRPS,NRPS,3522,2044,FEN,"X,ile,glu,pro,thr,tyr,glu"
NZ_CP022654.2.region002,NZ_CP022654.2,Bacillus velezensis SCDB 291,velezensis,492670.203,South Korea,NRPS,NRPS,3065,3065,FEN,"glu,orn,tyr,thr,glu,val,pro,glu,tyr,ile,X"
NZ_CP036518.1.region002,NZ_CP036518.1,Bacillus velezensis ANSB01E,velezensis,492670.401,China: Beijing,NRPS,NRPS,3065,3065,FEN,"glu,orn,tyr,thr,glu,val,pro,glu,ile,X"
NZ_CP025939.1.region005,NZ_CP025939.1,Bacillus velezensis 10075,velezensis,492670.271,China,NRPS,NRPS,3065,3065,FEN,"X,hydrophobic-aliphatic,tyr,glu,pro,val,glu,thr,tyr,orn,glu"
NC_022653.1.region008,NC_022653.1,Bacillus amyloliquefaciens CC178,amyloliquefaciens,1412898.4,Korea: Suwon,NRPS,NRPS,3065,3065,FEN,"X,ile,tyr,glu,pro,val,glu,thr,tyr,orn,glu"
NZ_CP006960.1.region010,NZ_CP006960.1,Bacillus amyloliquefaciens UMAF6614,amyloliquefaciens,1434324.5,,NRPS,NRPS,3065,3065,FEN,"X,ile,glu,pro,val,glu,thr,tyr,glu"
NZ_CP014838.1.region008,NZ_CP014838.1,Bacillus velezensis CBMB205,velezensis,492670.316,South Korea: Cheongwon,NRPS,NRPS,3065,3065,FEN,"X,ile,tyr,glu,pro,val,glu,thr,tyr,orn,glu"
NZ_CP025341.1.region009,NZ_CP025341.1,Bacillus velezensis CMT-6,velezensis,492670.251,China: Guangdong,NRPS,NRPS,3065,3065,FEN,"X,ile,tyr,glu,pro,val,glu,thr,tyr,orn,glu"
NZ_CP006890.1.region008,NZ_CP006890.1,Bacillus velezensis SQR9,velezensis,1423138.3,,NRPS,NRPS,3065,3065,FEN,"X,ile,tyr,glu,pro,val,glu,thr,tyr,orn,glu"
NZ_CP020375.1.region008,NZ_CP020375.1,Bacillus velezensis JTYP2,velezensis,492670.167,China: Shandong,NRPS,NRPS,3065,3065,FEN,"X,ile,tyr,glu,pro,val,glu,thr,tyr,orn,glu"
NZ_CP014783.1.region008,NZ_CP014783.1,Bacillus amyloliquefaciens B15,amyloliquefaciens,1390.234,China:Xinjiang,NRPS,NRPS,3065,3065,FEN,"X,ile,tyr,glu,pro,val,glu,thr,tyr,orn,glu"
NZ_CP027868.1.region002,NZ_CP027868.1,Bacillus velezensis SGAir0473,velezensis,492670.297,Singapore,NRPS,NRPS,3065,3065,FEN,"X,ile,tyr,glu,pro,val,glu,thr,tyr,orn,glu"
NZ_CP036527.1.region007,NZ_CP036527.1,Bacillus velezensis UTB96,velezensis,492670.403,Iran,NRPS,NRPS,3065,3065,FEN,"X,ile,tyr,glu,pro,val,glu,thr,tyr,orn,glu"
NZ_CP029071.1.region008,NZ_CP029071.1,Bacillus amyloliquefaciens ALB79,amyloliquefaciens,1390.461,"USA: Berkeley, California",NRPS,NRPS,3065,3065,FEN,"X,ile,tyr,glu,pro,val,glu,thr,tyr,orn,glu"
NZ_CP038028.1.region014,NZ_CP038028.1,Bacillus amyloliquefaciens FS1092,amyloliquefaciens,1390.534,USA:MD,NRPS,NRPS,3065,3065,FEN,"glu,orn,tyr,thr,glu,val,pro,glu,tyr,ile,X"
NZ_AP018402.1.region008,NZ_AP018402.1,Bacillus velezensis S141,velezensis,492670.321,Thailand,NRPS,NRPS,3065,3065,FEN,"X,ile,tyr,glu,pro,val,glu,thr,tyr,orn,glu"
NZ_CP033967.1.region007,NZ_CP033967.1,Bacillus velezensis 1B-23,velezensis,492670.345,Canada:Delhi,NRPS,NRPS,3065,3065,FEN,"glu,orn,tyr,thr,glu,val,pro,glu,tyr,ile,X"
NZ_CP015911.1.region008,NZ_CP015911.1,Bacillus velezensis LS69,velezensis,492670.74,"China:Lichuan,field at the foot of the hill",NRPS,NRPS,3065,3065,FEN,"X,ile,tyr,glu,pro,val,glu,thr,tyr,orn,glu"
NC_009725.1.region008,NC_009725.1,Bacillus velezensis FZB42,velezensis,326423.5,,NRPS,NRPS,3065,3065,FEN,"X,ile,tyr,glu,pro,val,glu,thr,tyr,orn,glu"
NZ_CP021495.1.region008,NZ_CP021495.1,Bacillus velezensis GQJK49,velezensis,492670.179,"China: Zhongning, Ningxia",NRPS,NRPS,3065,3065,FEN,"X,ile,tyr,glu,pro,val,glu,thr,tyr,orn,glu"
NZ_CP028439.1.region006,NZ_CP028439.1,Bacillus velezensis 8-2,velezensis,492670.286,Korea: Daejeon,NRPS,NRPS,3065,3065,FEN,"glu,orn,tyr,thr,glu,val,pro,glu,tyr,ile,X"
NZ_LN999829.1.region009,NZ_LN999829.1,Bacillus velezensis B25,velezensis,492670.18,,NRPS,NRPS,3065,3065,FEN,"X,ile,tyr,glu,pro,thr,tyr,orn,glu"
NC_022081.1.region009,NC_022081.1,Bacillus velezensis UCMB5113,velezensis,1150476.3,Ukraine: Karpaty mountains,NRPS,NRPS,3065,3065,FEN,"X,ile,tyr,glu,pro,val,glu,thr,tyr,orn,glu"
NZ_CP032154.1.region008,NZ_CP032154.1,Bacillus velezensis ZF2,velezensis,492670.320,China:Beijing,NRPS,NRPS,3065,3065,FEN,"X,ile,tyr,glu,pro,val,glu,thr,tyr,orn,glu"
NZ_CP028440.1.region004,NZ_CP028440.1,Bacillus velezensis J7-1,velezensis,492670.287,Korea: Daejeon,NRPS,NRPS,3065,3065,FEN,"glu,orn,tyr,thr,glu,val,pro,glu,tyr,ile,X"
NZ_CP033054.1.region008,NZ_CP033054.1,Bacillus velezensis Bac57,velezensis,492670.328,Saudi Arabia:Rabigh harbor lagoon,NRPS,NRPS,3065,3065,FEN,"X,ile,tyr,glu,pro,val,glu,thr,tyr"
NZ_CP030097.1.region007,NZ_CP030097.1,Bacillus amyloliquefaciens SH-B74,amyloliquefaciens,1390.453,China,NRPS,NRPS,3065,3065,FEN,"X,ile,tyr,glu,pro,val,glu,thr,tyr,orn,glu"
NZ_CP027429.1.region006,NZ_CP027429.1,Bacillus velezensis VCC-2003,velezensis,492670.289,"Turkey: Canakkale, Troia antique city",NRPS,NRPS,3065,3065,FEN,"glu,orn,tyr,thr,glu,val,pro,glu,tyr,ile,X"
NC_016784.1.region008,NC_016784.1,Bacillus velezensis CAU B946,velezensis,1114958.9,,NRPS,NRPS,3065,3065,FEN,"X,ile,tyr,glu,pro,val,glu,tyr,orn,glu"
NZ_CP007165.1.region009,NZ_CP007165.1,Bacillus velezensis NJN-6,velezensis,1458206.3,,NRPS,NRPS,3065,3065,FEN,"X,ile,tyr,glu,pro,val,glu,thr,tyr,orn,glu"
NC_020272.1.region006,NC_020272.1,Bacillus amyloliquefaciens IT-45,amyloliquefaciens,1091041.4,,NRPS,NRPS,3065,3065,FEN,"glu,orn,tyr,thr,glu,val,pro,glu,tyr,ile,X"
NZ_CP010556.1.region008,NZ_CP010556.1,Bacillus velezensis L-H15,velezensis,1390.112,China,NRPS,NRPS,3065,3065,FEN,"X,ile,tyr,glu,thr,tyr,glu,pro,val,glu"
NZ_CP011347.1.region006,NZ_CP011347.1,Bacillus velezensis YJ11-1-4,velezensis,492670.12,"South Korea: Gyeonggi-do, Yangju-Si",NRPS,NRPS,3065,3065,FEN,"glu,tyr,thr,glu,val,pro,glu,tyr,X"
NZ_CP028441.1.region007,NZ_CP028441.1,Bacillus velezensis 131-4,velezensis,492670.285,Korea: Daejeon,NRPS,NRPS,3065,3065,FEN,"X,ile,tyr,glu,pro,val,glu,thr,tyr,orn,glu"
NZ_CP026610.1.region009,NZ_CP026610.1,Bacillus velezensis CGMCC 11640,velezensis,492670.276,China:Tianmu Mountain,NRPS,NRPS,3065,3065,FEN,"X,ile,tyr,glu,pro,val,glu,thr,tyr,orn,glu"
NZ_CP031424.1.region008,NZ_CP031424.1,Bacillus amyloliquefaciens B-4,amyloliquefaciens,1390.464,China,NRPS,NRPS,3065,3065,FEN,"X,ile,tyr,glu,pro,val,glu,thr,tyr,orn,glu"
NZ_CP029070.1.region008,NZ_CP029070.1,Bacillus amyloliquefaciens ALB69,amyloliquefaciens,1390.451,"USA: Chico, California",NRPS,NRPS,3065,3065,FEN,"X,ile,tyr,glu,pro,val,glu,thr,tyr,orn,glu"
NZ_CP009749.1.region008,NZ_CP009749.1,Bacillus subtilis ATCC 19217,subtilis,1423.137,,NRPS,NRPS,3065,3065,FEN,"X,ile,tyr,glu,pro,val,glu,thr,tyr,orn,glu"
NZ_CP025079.1.region008,NZ_CP025079.1,Bacillus velezensis QST713,velezensis,492670.282,France,NRPS,NRPS,3065,3065,FEN,"X,ile,tyr,glu,pro,val,glu,thr,tyr,orn,glu"
NZ_CP029069.1.region008,NZ_CP029069.1,Bacillus amyloliquefaciens ALB65,amyloliquefaciens,1390.452,"USA: Davis, California",NRPS,NRPS,3065,3065,FEN,"X,ile,tyr,glu,pro,val,glu,thr,tyr,orn,glu"
NZ_CP014990.2.region007,NZ_CP014990.2,Bacillus velezensis KD1,velezensis,492670.86,"South Korea: Yangju-si, Gyeonggi-do",NRPS,NRPS,3065,3065,FEN,"X,ile,tyr,glu,pro,val,glu,thr,tyr,orn,glu"
NZ_CP029034.1.region005,NZ_CP029034.1,Bacillus velezensis LDO2,velezensis,492670.281,China: Zhumadian,NRPS,NRPS,3065,3065,FEN,"glu,orn,tyr,thr,glu,val,pro,glu,tyr,ile,X"
NZ_CP023320.1.region012,NZ_CP023320.1,Bacillus velezensis SCGB 1,velezensis,492670.213,South Korea,NRPS,NRPS,3065,3065,FEN,"X,ile,tyr,glu,pro,val,glu,thr,tyr,orn,glu"
NZ_CP024897.1.region008,NZ_CP024897.1,Bacillus velezensis CN026,velezensis,492670.247,Belgium: Sorinnes,NRPS,NRPS,3065,3065,FEN,"X,ile,tyr,glu,pro,val,glu,thr,tyr,orn,glu"
NZ_CP024203.1.region008,NZ_CP024203.1,Bacillus velezensis NKG-1,velezensis,492670.229,China: Changbai Mountain in Jilin Province,NRPS,NRPS,3065,3065,FEN,"X,ile,tyr,glu,pro,val,glu,thr,tyr,orn,glu"
NZ_CP016371.1.region008,NZ_CP016371.1,Bacillus velezensis S3-1,velezensis,492670.76,"China: Tangshan city, Hebei province",NRPS,NRPS,3065,3065,FEN,"X,ile,tyr,glu,pro,val,glu,thr,tyr,orn,glu"
NC_017061.1.region008,NC_017061.1,Bacillus velezensis YAU B9601-Y2,velezensis,1155777.3,North China,NRPS,NRPS,3065,3065,FEN,"X,ile,tyr,glu,pro,glu,thr,tyr,orn,glu"
NZ_CP011686.1.region008,NZ_CP011686.1,Bacillus velezensis G341,velezensis,1390.152,South Korea: Cheongju,NRPS,NRPS,3065,3065,FEN,"X,ile,tyr,glu,pro,val,glu,thr,tyr,orn,glu"
NZ_CP011346.1.region009,NZ_CP011346.1,Bacillus velezensis JJ-D34,velezensis,492670.11,"South Korea: Gyeonggi-Do, Yongin-Si, Beagam-myeon",NRPS,NRPS,3065,3065,FEN,"X,ile,tyr,glu,pro,val,glu,thr,tyr,orn,glu"
NZ_CP009679.1.region008,NZ_CP009679.1,Bacillus velezensis JS25R,velezensis,492670.3,,NRPS,NRPS,3065,3065,FEN,"X,ile,tyr,glu,pro,val,glu,thr,tyr,orn,glu"
NZ_CP007242.1.region007,NZ_CP007242.1,Bacillus amyloliquefaciens KHG19,amyloliquefaciens,1292358.3,,NRPS,NRPS,3065,3065,FEN,"X,ile,glu,pro,val,glu,thr,tyr,glu"
NZ_CP023431.1.region013,NZ_CP023431.1,Bacillus velezensis SCGB 574,velezensis,492670.214,South Korea,NRPS,NRPS,3065,3065,FEN,"X,ile,tyr,glu,pro,val,glu,thr,tyr,orn,glu"
NZ_CP014700.1.region004,NZ_CP014700.1,Bacillus amyloliquefaciens S499,amyloliquefaciens,1390.174,Democratic Republic of the Congo: Iturie province,NRPS,NRPS,3065,3065,FEN,"glu,orn,tyr,thr,glu,val,pro,glu,tyr,ile,X"
CP041144.1.region008,CP041144.1,Bacillus velezensis UCMB5044,velezensis,492670.438,Tajikistan: Dushanbe,NRPS,NRPS,3065,3065,FEN,"X,ile,tyr,glu,pro,val,glu,thr,tyr,orn,glu"
NZ_CP019040.1.region008,NZ_CP019040.1,Bacillus velezensis GH1-13,velezensis,492670.92,Korea: Goheung,NRPS,NRPS,3065,3065,FEN,"X,ile,tyr,glu,pro,val,glu,thr,tyr,orn,glu"
NZ_CP016395.1.region009,NZ_CP016395.1,Bacillus velezensis M75,velezensis,492670.85,Korea: cotton waste cultivated with mushroom in agricultural sites,NRPS,NRPS,3065,3065,FEN,"X,ile,tyr,glu,pro,val,glu,thr,tyr,orn,glu"
NZ_CP039297.1.region008,NZ_CP039297.1,Bacillus velezensis UFLA258,velezensis,492670.407,Brazil: Mato Grosso,NRPS,NRPS,3065,3065,FEN,"X,ile,tyr,glu,pro,val,glu,thr,tyr,orn,glu"
NZ_CP040378.1.region009,NZ_CP040378.1,Bacillus velezensis P34,velezensis,492670.410,Brazil: Amazon region near Manaus,NRPS,NRPS,3065,3065,FEN,"X,ile,tyr,glu,pro,val,glu,thr,tyr,orn,glu"
NZ_CP018200.1.region004,NZ_CP018200.1,Bacillus amyloliquefaciens WS-8,amyloliquefaciens,1390.310,China: Baoding,NRPS,NRPS,3065,3065,FEN,"glu,orn,tyr,thr,glu,val,pro,glu,tyr,ile,X"
NZ_CP032144.1.region008,NZ_CP032144.1,Bacillus velezensis BIM B-439D,velezensis,492670.319,Belarus: Vileyka District,NRPS,NRPS,3065,3065,FEN,"X,ile,tyr,glu,pro,val,glu,thr,tyr,orn,glu"
NZ_CP013727.1.region004,NZ_CP013727.1,Bacillus amyloliquefaciens MBE1283,amyloliquefaciens,1390.165,South Korea,NRPS,NRPS,3065,3065,FEN,"X,ile,tyr,glu,pro,val,glu,thr,tyr,orn,glu"
NZ_CP018152.1.region011,NZ_CP018152.1,Bacillus amyloliquefaciens LM2303,amyloliquefaciens,1390.309,China: Qinghai-Tibetan Plateau,NRPS,NRPS,3065,3065,FEN,"glu,orn,tyr,thr,glu,val,pro,glu,tyr,ile,X"
NZ_CP018007.1.region006,NZ_CP018007.1,Bacillus velezensis sx01604,velezensis,492670.165,China:Beijing,NRPS,NRPS,3065,3065,FEN,"glu,orn,tyr,thr,glu,val,pro,glu,tyr,ile,X"
NZ_CP022556.1.region004,NZ_CP022556.1,Bacillus velezensis NJAU-Z9,velezensis,492670.218,China,NRPS,NRPS,3065,3065,FEN,"glu,orn,tyr,thr,glu,val,pro,glu,tyr,ile,X"
NZ_CP022341.1.region008,NZ_CP022341.1,Bacillus velezensis 157,velezensis,492670.184,,NRPS,NRPS,3065,3065,FEN,"X,ile,tyr,glu,pro,val,glu,thr,tyr,orn,glu"
NZ_CP028437.1.region008,NZ_CP028437.1,Bacillus velezensis DR-08,velezensis,492670.288,South Korea: Daejeon,NRPS,NRPS,3065,3065,FEN,"X,ile,tyr,glu,pro,val,glu,thr,tyr,orn,glu"
NZ_CP007244.1.region007,NZ_CP007244.1,Bacillus velezensis TrigoCor1448,velezensis,1449088.3,Brazil,NRPS,NRPS,3065,3065,FEN,"X,ile,tyr,glu,pro,val,glu,thr,tyr,orn,glu"
NZ_CP034203.1.region009,NZ_CP034203.1,Bacillus velezensis 83,velezensis,492670.392,Mexico: Sinaloa,NRPS,NRPS,3065,3065,FEN,"X,ile,tyr,glu,pro,val,glu,thr,tyr,orn,glu"
NZ_CP032146.1.region009,NZ_CP032146.1,Bacillus amyloliquefaciens YP6,amyloliquefaciens,1390.497,China: Guizhou,NRPS-like.NRPS,NRPS,3065,3065,FEN,"X,ile,tyr,glu,pro,val,glu,thr,tyr,orn,glu"
NZ_CP024797.1.region008,NZ_CP024797.1,Bacillus velezensis TJ02,velezensis,492670.228,China: tianjin,NRPS,NRPS,3065,3065,FEN,"X,ile,tyr,glu,pro,val,glu,thr,tyr,orn,glu"
NZ_CP021976.1.region008,NZ_CP021976.1,Bacillus velezensis T20E-257,velezensis,492670.183,South Korea: Yecheon,NRPS,NRPS,3065,3065,FEN,"X,ile,tyr,glu,pro,val,glu,thr,tyr,orn,glu"
NZ_CP028375.1.region008,NZ_CP028375.1,Bacillus velezensis W1,velezensis,492670.298,China: Yunnan,NRPS,NRPS,3065,3065,FEN,"X,ile,tyr,glu,pro,glu,thr,tyr,orn,glu"
NZ_CP017953.1.region008,NZ_CP017953.1,Bacillus amyloliquefaciens Y14,amyloliquefaciens,1390.304,"China: Linyi, Shandong",NRPS,NRPS,3065,3065,FEN,"X,ile,tyr,glu,pro,val,glu,thr,tyr,orn,glu"
NZ_CP020874.1.region003,NZ_CP020874.1,Bacillus velezensis GYL4,velezensis,492670.283,Korea: Gwangyang Province,NRPS,NRPS,3065,3065,FEN,"glu,orn,tyr,thr,glu,val,pro,glu,tyr,ile,X"
NZ_CP032506.1.region007,NZ_CP032506.1,Bacillus velezensis JT3-1,velezensis,492670.326,China:Gansu,NRPS,NRPS,3065,3065,FEN,"X,ile,tyr,glu,pro,val,glu,thr,tyr,orn,glu"
BGC0001095.1,BGC0001095.1,Bacillus amyloliquefaciens subsp. plantarum str. FZB42,amyloliquefaciens,,,nrps,NRPS,3065,3065,FEN,
NZ_CP037417.1.region009,NZ_CP037417.1,Bacillus velezensis LB002,velezensis,492670.404,China:Nanjing,NRPS,NRPS,3065,3065,FEN,"X,ile,tyr,glu,pro,val,glu,thr,tyr,orn,glu"
NZ_CP023859.1.region010,NZ_CP023859.1,Bacillus velezensis L-1,velezensis,492670.225,"China: pear germplasm repository of the Institute of Pomology, Chinese Academy of Agricultural Sciences, Xingcheng",NRPS,NRPS,3065,3065,FEN,"X,ile,tyr,glu,pro,val,glu,thr,tyr,orn,glu"
NZ_CP018295.1.region008,NZ_CP018295.1,Bacillus subtilis J-5,subtilis,1423.335,China:Hebei:Shijiazhuang,NRPS,NRPS,3065,3065,FEN,"X,ile,tyr,glu,pro,val,glu,thr,tyr,orn,glu"
NC_019842.1.region009,NC_019842.1,Bacillus velezensis AS43.3,velezensis,1225788.3,,NRPS,NRPS,3065,3065,FEN,"X,ile,tyr,glu,pro,val,glu,thr,tyr,orn,glu"
NZ_CP023414.1.region006,NZ_CP023414.1,Bacillus velezensis BS-37,velezensis,492670.280,China: shandong,NRPS,NRPS,3065,3065,FEN,"glu,orn,tyr,thr,glu,val,pro,glu,tyr,ile,X"
NZ_CP006058.1.region003,NZ_CP006058.1,Bacillus amyloliquefaciens UMAF6639,amyloliquefaciens,1333538.6,,NRPS,NRPS,3065,3065,FEN,"X,ile,tyr,glu,pro,val,glu,thr,tyr,orn,glu"
NZ_CP034176.1.region008,NZ_CP034176.1,Bacillus velezensis MH25,velezensis,492670.347,China,NRPS,NRPS,3065,3065,FEN,"X,ile,tyr,glu,pro,val,glu,thr,tyr,orn,glu"
NZ_CP021011.1.region014,NZ_CP021011.1,Bacillus velezensis GFP-2,velezensis,492670.270,China,NRPS,NRPS,3065,3065,FEN,"X,ile,tyr,glu,pro,val,glu,thr,tyr,orn,glu"
NZ_CP030150.1.region009,NZ_CP030150.1,Bacillus velezensis DSYZ,velezensis,492670.301,China,NRPS,NRPS,3065,3065,FEN,"X,ile,tyr,glu,pro,val,glu,thr,tyr,orn,glu"
NZ_CP029296.1.region008,NZ_CP029296.1,Bacillus velezensis AP183,velezensis,492670.8,United States,NRPS,NRPS,3065,3065,FEN,"X,ile,tyr,glu,pro,val,glu,thr,tyr,orn,glu"
NZ_CP009611.1.region008,NZ_CP009611.1,Bacillus subtilis Bs-916,subtilis,1423.138,"China: Jurong county, Nanjing",NRPS,NRPS,3065,3065,FEN,"X,ile,tyr,glu,pro,val,glu,thr,tyr,orn,glu"
NC_020410.1.region007,NC_020410.1,Bacillus velezensis UCMB5036,velezensis,1150475.3,Ukraine,NRPS,NRPS,3065,3065,FEN,"X,ile,tyr,glu,pro,val,glu,thr,tyr,orn,glu"
NZ_CP025308.1.region008,NZ_CP025308.1,Bacillus velezensis Lzh-a42,velezensis,492670.250,China: Dezhou,NRPS,NRPS,3065,3065,FEN,"X,ile,tyr,glu,pro,val,glu,thr,tyr,orn,glu"
CP041143.1.region008,CP041143.1,Bacillus velezensis UCMB5007,velezensis,492670.439,Ukraine:Kyiv,NRPS,NRPS,3065,3065,FEN,"X,ile,tyr,glu,pro,val,glu,thr,tyr,orn,glu"
NZ_CP023748.1.region008,NZ_CP023748.1,Bacillus velezensis LABIM40,velezensis,492670.224,Brazil,NRPS,NRPS,4005,4005,FEN,"X,ile,glu,pro,glu,thr,tyr,orn,glu"
NZ_CP039380.1.region007,NZ_CP039380.1,Bacillus velezensis LPL-K103,velezensis,1390.111,China,NRPS,NRPS,4005,4005,FEN,"X,ile,tyr,glu,pro,glu,thr,tyr,orn,glu"
NZ_CP022531.1.region010,NZ_CP022531.1,Bacillus velezensis TB1501,velezensis,492670.219,China: Xiqing district of Tianjin city,NRPS,NRPS,4005,4005,FEN,"X,ile,tyr,glu,pro,val,glu,tyr,glu"
NC_017912.1.region008,NC_017912.1,Bacillus amyloliquefaciens Y2,amyloliquefaciens,1126211.3,,NRPS,NRPS,4005,4005,FEN,"X,ile,glu,pro,glu,thr,tyr,orn,glu"
NC_022530.1.region006,NC_022530.1,Bacillus velezensis NAU-B3,velezensis,1385727.3,,NRPS,NRPS,4005,4005,FEN,"glu,orn,tyr,glu,val,pro,glu,tyr,ile,X"
CP041145.1.region009,CP041145.1,Bacillus velezensis At1,velezensis,492670.440,Sweden:Uppsala,NRPS,NRPS,4005,4005,FEN,"X,ile,tyr,glu,pro,val,glu,thr,tyr,orn,glu"
NZ_CP018133.1.region009,NZ_CP018133.1,Bacillus velezensis ATR2,velezensis,1423.465,China: Shandong,NRPS,NRPS,4005,4005,FEN,"X,ile,glu,pro,glu,thr,tyr,orn,glu"
NZ_CP023133.1.region010,NZ_CP023133.1,Bacillus velezensis J01,velezensis,492670.212,Brazil,NRPS,NRPS,3522,2044,FEN_Others,"X,ile,glu,pro,glu"
NZ_CP017747.1.region004,NZ_CP017747.1,Bacillus velezensis SYBC H47,velezensis,492670.88,China,NRPS,NRPS,3065,3065,FEN_Others,"glu,ile,X"
NC_023073.1.region009,NC_023073.1,Bacillus amyloliquefaciens LFB112,amyloliquefaciens,1415165.3,,NRPS,NRPS,3065,3065,FEN_Others,"X,ile,tyr,glu,pro"
NZ_CP021338.1.region009,NZ_CP021338.1,Bacillus velezensis ZL918,velezensis,492670.177,China:Hubei,NRPS,NRPS,3065,3065,FEN_Others,"X,ile,tyr,glu,pro,val,glu"
NC_022075.1.region008,NC_022075.1,Bacillus velezensis UCMB5033 UCMB-5033,velezensis,1338518.10,,NRPS,NRPS,3065,3065,FEN_Others,"X,ile,tyr,glu,pro,val,glu"
NZ_CP009684.1.region010,NZ_CP009684.1,Bacillus subtilis B-1,subtilis,1423.135,,NRPS,NRPS,4005,4005,FEN_Others,"X,ile,tyr,val,asp,leu"
CP015417.1.region007,CP015417.1,Bacillus velezensis SB1216,velezensis,492670.42,United States,NRPS,NRPS,4005,4005,FEN_Others,"X,ile,glu,pro,glu,thr,tyr,glu"
NZ_CP015443.1.region001,NZ_CP015443.1,Bacillus velezensis CC09,velezensis,492670.21,"China:Campus of NanJing University, Gu Lou",NRPS,NRPS,4005,4005,FEN_Others,"orn,tyr,thr,glu,pro,glu,tyr,ile,X"
NZ_CP011278.1.region008,NZ_CP011278.1,Bacillus velezensis L-S60,velezensis,1390.151,China,NRPS,NRPS,4005,4005,FEN_Others,"X,ile,tyr,glu,pro,val,glu,thr,tyr,orn,glu"
NZ_CP021888.1.region009,NZ_CP021888.1,Bacillus velezensis SRCM100072,velezensis,492670.180,South Korea,NRPS,NRPS,5085,2044,FEN_groupB,"X,ile,pro"
NZ_CP017775.1.region008,NZ_CP017775.1,Bacillus velezensis 9912D,velezensis,492670.89,China,NRPS,NRPS,5085,2044,FEN_groupB,"X,ile,pro,val"
NZ_CP035410.1.region009,NZ_CP035410.1,Bacillus velezensis SRCM103616,velezensis,492670.398,South Korea,NRPS,NRPS,5085,2044,FEN_groupB,"X,ile,pro,val"
NZ_CP035393.1.region009,NZ_CP035393.1,Bacillus velezensis SRCM103691,velezensis,492670.396,South Korea,NRPS,NRPS,5085,2044,FEN_groupB,"X,ile,pro,val"
NZ_CP035399.1.region009,NZ_CP035399.1,Bacillus velezensis SRCM103788,velezensis,492670.397,South Korea,NRPS,NRPS,5085,2044,FEN_groupB,"X,ile,pro,val"
NZ_CP021890.1.region008,NZ_CP021890.1,Bacillus velezensis SRCM101413,velezensis,492670.181,South Korea,NRPS,NRPS,5085,2044,FEN_groupB,"X,ile,pro,val"
NZ_CP033576.1.region015,NZ_CP033576.1,Bacillus velezensis NY12-2,velezensis,492670.330,South Korea,NRPS,NRPS,4005,4005,FEN_groupB,"X,ile"
NZ_CP023075.1.region009,NZ_CP023075.1,Bacillus velezensis K26,velezensis,492670.317,South Korea: Bundang,NRPS,NRPS,4005,4005,FEN_groupB,"X,ile"
NZ_CP020805.1.region011,NZ_CP020805.1,Bacillus velezensis 9D-6,velezensis,492670.174,Canada: Delhi,NRPS,NRPS,3522,2044,FEN_groupC,"X,ile,tyr,glu"
NC_014551.1.region007,NC_014551.1,Bacillus amyloliquefaciens DSM 7 = ATCC 23350,amyloliquefaciens,692420.6,,NRPS-like,NRPS,3522,2044,FEN_groupC,"ile,tyr,glu"
NZ_CP011252.1.region007,NZ_CP011252.1,Bacillus amyloliquefaciens MT45,amyloliquefaciens,1390.399,"China: Maotai, Renhuai",NRPS-like,NRPS,3522,2044,FEN_groupC,"ile,tyr,glu"
NC_017190.1.region007,NC_017190.1,Bacillus amyloliquefaciens LL3,amyloliquefaciens,1001582.3,,NRPS-like,NRPS,3522,2044,FEN_groupC,"X,ile,tyr,glu"
NC_017191.1.region007,NC_017191.1,Bacillus amyloliquefaciens XH7,amyloliquefaciens,1034836.4,,NRPS,NRPS,3522,2044,FEN_groupC,"glu,tyr,ile,X"
NZ_CP009748.1.region007,NZ_CP009748.1,Bacillus subtilis ATCC 13952,subtilis,1423.136,,NRPS-like,NRPS,3522,2044,FEN_groupC,"X,ile,tyr,glu"
NC_017188.1.region007,NC_017188.1,Bacillus amyloliquefaciens TA208,amyloliquefaciens,999891.3,,NRPS,NRPS,3522,2044,FEN_groupC,"glu,tyr,ile,X"
NZ_CP021505.1.region007,NZ_CP021505.1,Bacillus amyloliquefaciens SRCM101267,amyloliquefaciens,1390.398,South Korea,NRPS-like,NRPS,3522,2044,FEN_groupC,"ile,tyr,glu"
NZ_CP018902.1.region004,NZ_CP018902.1,Bacillus amyloliquefaciens HK1,amyloliquefaciens,1390.498,China,NRPS,NRPS,3522,2044,FEN_groupC,"glu,tyr,ile"
NZ_CP031880.1.region009,NZ_CP031880.1,Bacillus velezensis OSY-GA1,velezensis,492670.318,United States,NRPS,NRPS,4005,4005,FEN_groupC,"X,ile,tyr,glu"
