BGC,Accesion ID,Description,Product Prediction,BiG-SCAPE class,Organism,Taxonomy,genome_id,genome_src,species,AA_domain_list,family_number,clan_number,Groups
NZ_CP015443.1.region002,NZ_CP015443.1,"Bacillus velezensis strain CC09, complete genome",transAT-PKS.NRPS-like.NRPS,PKS-NRP_Hybrids,Bacillus velezensis CC09,"Bacteria,Firmicutes,Bacilli,Bacillales,Bacillaceae,Bacillus,Bacillus amyloliquefaciens group",,Public,velezensis,"mal,fatty_acid,asn,tyr,asn,gln,pro,asn,ser",4607.0,4607.0,Iturin A
NZ_CP027429.1.region007,NZ_CP027429.1,Bacillus velezensis strain VCC-2003 chromosome,transAT-PKS.NRPS-like.NRPS,PKS-NRP_Hybrids,Bacillus velezensis VCC-2003,"Bacteria,Firmicutes,Bacilli,Bacillales,Bacillaceae,Bacillus,Bacillus amyloliquefaciens group",,Public,velezensis,"mal,fatty_acid,asn,tyr,asn,asn,ser",4076.0,4607.0,Itu_Others
NZ_CP014700.1.region005,NZ_CP014700.1,"Bacillus amyloliquefaciens strain S499, complete genome",transAT-PKS.NRPS-like.NRPS,PKS-NRP_Hybrids,Bacillus amyloliquefaciens S499,"Bacteria,Firmicutes,Bacilli,Bacillales,Bacillaceae,Bacillus,Bacillus amyloliquefaciens group",,Public,amyloliquefaciens,"mal,fatty_acid,asn,tyr,asn,gln,pro,asn,ser",4607.0,4607.0,Iturin A
NZ_CP021011.1.region013,NZ_CP021011.1,"Bacillus velezensis strain GFP-2 chromosome, complete genome",transAT-PKS.NRPS,PKS-NRP_Hybrids,Bacillus velezensis GFP-2,"Bacteria,Firmicutes,Bacilli,Bacillales,Bacillaceae,Bacillus,Bacillus amyloliquefaciens group",,Public,velezensis,"thr,ser,glu,pro,asn,tyr,asn,fatty_acid,mal",4076.0,4607.0,Bacillomycin D
NC_019842.1.region008,NC_019842.1,"Bacillus velezensis AS43.3, complete sequence",transAT-PKS.NRPS,PKS-NRP_Hybrids,Bacillus velezensis AS43.3,"Bacteria,Firmicutes,Bacilli,Bacillales,Bacillaceae,Bacillus,Bacillus amyloliquefaciens group",,Public,velezensis,"ser,asn,pro,gln,asn,tyr,asn,fatty_acid,mal",4607.0,4607.0,Iturin A
NZ_CP017775.1.region007,NZ_CP017775.1,"Bacillus velezensis strain 9912D chromosome, complete genome",transAT-PKS.NRPS,PKS-NRP_Hybrids,Bacillus velezensis 9912D,"Bacteria,Firmicutes,Bacilli,Bacillales,Bacillaceae,Bacillus,Bacillus amyloliquefaciens group",,Public,velezensis,"thr,ser,glu,pro,asn,tyr,asn,fatty_acid,mal",4076.0,4607.0,Bacillomycin D
NZ_CP020805.1.region010,NZ_CP020805.1,"Bacillus velezensis strain 9D-6 chromosome, complete genome",transAT-PKS.NRPS,PKS-NRP_Hybrids,Bacillus velezensis 9D-6,"Bacteria,Firmicutes,Bacilli,Bacillales,Bacillaceae,Bacillus,Bacillus amyloliquefaciens group",,Public,velezensis,"ser,asn,pro,gln,asn,tyr,asn,fatty_acid,mal",4607.0,4607.0,Iturin A
NZ_CP034176.1.region007,NZ_CP034176.1,"Bacillus velezensis strain MH25 chromosome, complete genome",transAT-PKS.NRPS,PKS-NRP_Hybrids,Bacillus velezensis MH25,"Bacteria,Firmicutes,Bacilli,Bacillales,Bacillaceae,Bacillus,Bacillus amyloliquefaciens group",,Public,velezensis,"ser,asn,pro,gln,asn,tyr,asn,fatty_acid,mal",4607.0,4607.0,Iturin A
NZ_CP013727.1.region003,NZ_CP013727.1,"Bacillus amyloliquefaciens strain MBE1283, complete genome",transAT-PKS.NRPS,PKS-NRP_Hybrids,Bacillus amyloliquefaciens MBE1283,"Bacteria,Firmicutes,Bacilli,Bacillales,Bacillaceae,Bacillus,Bacillus amyloliquefaciens group",,Public,amyloliquefaciens,"ser,asn,pro,gln,asn,tyr,asn,fatty_acid,mal",4607.0,4607.0,Iturin A
NZ_CP028439.1.region007,NZ_CP028439.1,"Bacillus velezensis strain 8-2 chromosome, complete genome",transAT-PKS.NRPS-like.NRPS,PKS-NRP_Hybrids,Bacillus velezensis 8-2,"Bacteria,Firmicutes,Bacilli,Bacillales,Bacillaceae,Bacillus,Bacillus amyloliquefaciens group",,Public,velezensis,"mal,fatty_acid,asn,tyr,asn,gln,pro,asn,ser",4607.0,4607.0,Iturin A
NZ_CP011346.1.region008,NZ_CP011346.1,"Bacillus velezensis strain JJ-D34 chromosome, complete genome",transAT-PKS.NRPS,PKS-NRP_Hybrids,Bacillus velezensis JJ-D34,"Bacteria,Firmicutes,Bacilli,Bacillales,Bacillaceae,Bacillus,Bacillus amyloliquefaciens group",,Public,velezensis,"ser,asn,pro,gln,asn,tyr,asn,fatty_acid,mal",4607.0,4607.0,Iturin A
NZ_CP023431.1.region012,NZ_CP023431.1,"Bacillus velezensis strain SCGB 574 chromosome, complete genome",transAT-PKS.NRPS,PKS-NRP_Hybrids,Bacillus velezensis SCGB 574,"Bacteria,Firmicutes,Bacilli,Bacillales,Bacillaceae,Bacillus,Bacillus amyloliquefaciens group",,Public,velezensis,"thr,ser,glu,pro,asn,tyr,asn,fatty_acid,mal",4076.0,4607.0,Bacillomycin D
NZ_CP018200.1.region005,NZ_CP018200.1,"Bacillus amyloliquefaciens strain WS-8 chromosome, complete genome",transAT-PKS.NRPS-like.NRPS,PKS-NRP_Hybrids,Bacillus amyloliquefaciens WS-8,"Bacteria,Firmicutes,Bacilli,Bacillales,Bacillaceae,Bacillus,Bacillus amyloliquefaciens group",,Public,amyloliquefaciens,"mal,fatty_acid,asn,tyr,asn,gln,pro,asn,ser",4607.0,4607.0,Iturin A
BGC0000402.1,BGC0000402.1,Paenilarvins biosynthetic gene cluster,transatpks.nrps,PKS-NRP_Hybrids,Paenibacillus larvae subsp. larvae DSM 25430,"Bacteria,Firmicutes,Bacilli,Bacillales,Paenibacillaceae,Paenibacillus",Paenilarvins,MIBIG,larvae,,,,
NC_016784.1.region007,NC_016784.1,Bacillus amyloliquefaciens subsp. plantarum CAU B946 complete genome,transAT-PKS.NRPS,PKS-NRP_Hybrids,Bacillus velezensis CAU B946,"Bacteria,Firmicutes,Bacilli,Bacillales,Bacillaceae,Bacillus,Bacillus amyloliquefaciens group",,Public,velezensis,"ser,asn,pro,gln,asn,tyr,fatty_acid,mal",4607.0,4607.0,Itu_Others
NZ_CP016395.1.region008,NZ_CP016395.1,"Bacillus velezensis strain M75 chromosome, complete genome",transAT-PKS.NRPS,PKS-NRP_Hybrids,Bacillus velezensis M75,"Bacteria,Firmicutes,Bacilli,Bacillales,Bacillaceae,Bacillus,Bacillus amyloliquefaciens group",,Public,velezensis,"ser,asn,pro,gln,asn,tyr,asn,fatty_acid,mal",4607.0,4607.0,Iturin A
NZ_CP009611.1.region007,NZ_CP009611.1,"Bacillus subtilis strain Bs-916, complete genome",transAT-PKS.NRPS,PKS-NRP_Hybrids,Bacillus subtilis Bs-916,"Bacteria,Firmicutes,Bacilli,Bacillales,Bacillaceae,Bacillus",,Public,subtilis,"thr,ser,glu,ser,asn,tyr,asn,fatty_acid,mal",4076.0,4607.0,Bacillomycin L
NZ_CP017747.1.region005,NZ_CP017747.1,"Bacillus velezensis strain SYBC H47 chromosome, complete genome",transAT-PKS.NRPS-like.NRPS,PKS-NRP_Hybrids,Bacillus velezensis SYBC H47,"Bacteria,Firmicutes,Bacilli,Bacillales,Bacillaceae,Bacillus,Bacillus amyloliquefaciens group",,Public,velezensis,"mal,fatty_acid,asn,tyr,asn,ser,glu,ser,thr",4076.0,4607.0,Bacillomycin L
NZ_CP026533.1.region015,NZ_CP026533.1,"Bacillus velezensis strain DKU_NT_04 chromosome, complete genome",transAT-PKS.NRPS-like.NRPS,PKS-NRP_Hybrids,Bacillus velezensis DKU_NT_04,"Bacteria,Firmicutes,Bacilli,Bacillales,Bacillaceae,Bacillus,Bacillus amyloliquefaciens group",,Public,velezensis,"mal,fatty_acid,asn,tyr,ser,thr",4076.0,4607.0,Itu_Others
NZ_CP038028.1.region015,NZ_CP038028.1,"Bacillus amyloliquefaciens strain FS1092 chromosome, complete genome",transAT-PKS.NRPS-like.NRPS,PKS-NRP_Hybrids,Bacillus amyloliquefaciens FS1092,"Bacteria,Firmicutes,Bacilli,Bacillales,Bacillaceae,Bacillus,Bacillus amyloliquefaciens group",,Public,amyloliquefaciens,"mal,fatty_acid,asn,tyr,asn,gln,pro,asn,ser",4607.0,4607.0,Iturin A
NZ_CP018007.1.region007,NZ_CP018007.1,"Bacillus velezensis strain sx01604 chromosome, complete genome",transAT-PKS.NRPS-like.NRPS,PKS-NRP_Hybrids,Bacillus velezensis sx01604,"Bacteria,Firmicutes,Bacilli,Bacillales,Bacillaceae,Bacillus,Bacillus amyloliquefaciens group",,Public,velezensis,"mal,fatty_acid,asn,tyr,asn,gln,pro,asn,ser",4607.0,4607.0,Iturin A
NZ_CP023075.1.region008,NZ_CP023075.1,"Bacillus velezensis strain K26 chromosome, complete genome",transAT-PKS.NRPS,PKS-NRP_Hybrids,Bacillus velezensis K26,"Bacteria,Firmicutes,Bacilli,Bacillales,Bacillaceae,Bacillus,Bacillus amyloliquefaciens group",,Public,velezensis,"thr,ser,glu,pro,asn,tyr,asn,fatty_acid,mal",4076.0,4607.0,Bacillomycin D
NZ_CP018173.1.region009,NZ_CP018173.1,"Bacillus subtilis strain MJ01, complete genome",transAT-PKS.NRPS,PKS-NRP_Hybrids,Bacillus subtilis MJ01,"Bacteria,Firmicutes,Bacilli,Bacillales,Bacillaceae,Bacillus",,Public,subtilis,"X,asn,ser,pro,gln,asn,tyr,asn,fatty_acid,mal",3481.0,2044.0,Mycosubtilin
NC_022081.1.region008,NC_022081.1,"Bacillus amyloliquefaciens subsp. plantarum UCMB5113, complete genome",transAT-PKS.NRPS,PKS-NRP_Hybrids,Bacillus velezensis UCMB5113,"Bacteria,Firmicutes,Bacilli,Bacillales,Bacillaceae,Bacillus,Bacillus amyloliquefaciens group",,Public,velezensis,"thr,ser,glu,ser,asn,tyr,asn,fatty_acid,mal",4076.0,4607.0,Bacillomycin L
BGC0001103.1,BGC0001103.1,Mycosubtilin biosynthetic gene cluster,transatpks.nrps,PKS-NRP_Hybrids,Bacillus subtilis subsp. spizizenii ATCC 6633,"Bacteria,Firmicutes,Bacilli,Bacillales,Bacillaceae,Bacillus",Mycosubtilin,MIBIG,subtilis,,,,
NZ_CP024203.1.region007,NZ_CP024203.1,"Bacillus velezensis strain NKG-1 chromosome, complete genome",transAT-PKS.NRPS,PKS-NRP_Hybrids,Bacillus velezensis NKG-1,"Bacteria,Firmicutes,Bacilli,Bacillales,Bacillaceae,Bacillus,Bacillus amyloliquefaciens group",,Public,velezensis,"ser,asn,pro,gln,asn,tyr,asn,fatty_acid,mal",4607.0,4607.0,Iturin A
NZ_CP021505.1.region006,NZ_CP021505.1,"Bacillus amyloliquefaciens strain SRCM101267 chromosome, complete genome",transAT-PKS.NRPS,PKS-NRP_Hybrids,Bacillus amyloliquefaciens SRCM101267,"Bacteria,Firmicutes,Bacilli,Bacillales,Bacillaceae,Bacillus,Bacillus amyloliquefaciens group",,Public,amyloliquefaciens,"ser,asn,pro,gln,asn,tyr,asn,fatty_acid,mal,inactive",3523.0,4607.0,Iturin A
NZ_CP029296.1.region007,NZ_CP029296.1,Bacillus velezensis strain AP183 chromosome,transAT-PKS.NRPS,PKS-NRP_Hybrids,Bacillus velezensis AP183,"Bacteria,Firmicutes,Bacilli,Bacillales,Bacillaceae,Bacillus,Bacillus amyloliquefaciens group",,Public,velezensis,"ser,asn,pro,gln,asn,tyr,asn,fatty_acid,mal",4607.0,4607.0,Iturin A
NZ_CP014838.1.region007,NZ_CP014838.1,"Bacillus velezensis strain CBMB205, complete genome",transAT-PKS.NRPS,PKS-NRP_Hybrids,Bacillus velezensis CBMB205,"Bacteria,Firmicutes,Bacilli,Bacillales,Bacillaceae,Bacillus,Bacillus amyloliquefaciens group",,Public,velezensis,"ser,asn,pro,gln,asn,tyr,asn,fatty_acid,mal",4607.0,4607.0,Iturin A
NZ_CP032144.1.region007,NZ_CP032144.1,"Bacillus velezensis strain BIM B-439D chromosome, complete genome",transAT-PKS.NRPS,PKS-NRP_Hybrids,Bacillus velezensis BIM B-439D,"Bacteria,Firmicutes,Bacilli,Bacillales,Bacillaceae,Bacillus,Bacillus amyloliquefaciens group",,Public,velezensis,"thr,ser,glu,ser,asn,tyr,asn,fatty_acid,mal",4076.0,4607.0,Bacillomycin L
NZ_CP025308.1.region007,NZ_CP025308.1,"Bacillus velezensis strain Lzh-a42 chromosome, complete genome",transAT-PKS.NRPS,PKS-NRP_Hybrids,Bacillus velezensis Lzh-a42,"Bacteria,Firmicutes,Bacilli,Bacillales,Bacillaceae,Bacillus,Bacillus amyloliquefaciens group",,Public,velezensis,"thr,ser,glu,pro,asn,tyr,asn,fatty_acid,mal",4076.0,4607.0,Bacillomycin D
NZ_CP036518.1.region003,NZ_CP036518.1,"Bacillus velezensis strain ANSB01E chromosome, complete genome",transAT-PKS.NRPS-like.NRPS,PKS-NRP_Hybrids,Bacillus velezensis ANSB01E,"Bacteria,Firmicutes,Bacilli,Bacillales,Bacillaceae,Bacillus,Bacillus amyloliquefaciens group",,Public,velezensis,"mal,fatty_acid,asn,tyr,asn,gln,pro,asn,ser",4607.0,4607.0,Iturin A
NC_017061.1.region007,NC_017061.1,Bacillus amyloliquefaciens subsp. plantarum YAU B9601-Y2 complete genome,transAT-PKS.NRPS,PKS-NRP_Hybrids,Bacillus velezensis YAU B9601-Y2,"Bacteria,Firmicutes,Bacilli,Bacillales,Bacillaceae,Bacillus,Bacillus amyloliquefaciens group",,Public,velezensis,"thr,ser,glu,pro,asn,tyr,asn,fatty_acid,mal",4076.0,4607.0,Bacillomycin D
NZ_CP022654.2.region003,NZ_CP022654.2,"Bacillus velezensis strain SCDB 291 chromosome, complete genome",transAT-PKS.NRPS-like.NRPS,PKS-NRP_Hybrids,Bacillus velezensis SCDB 291,"Bacteria,Firmicutes,Bacilli,Bacillales,Bacillaceae,Bacillus,Bacillus amyloliquefaciens group",,Public,velezensis,"mal,fatty_acid,asn,tyr,asn,pro,glu,ser,thr",4076.0,4607.0,Bacillomycin D
NZ_CP023748.1.region007,NZ_CP023748.1,"Bacillus velezensis strain LABIM40 chromosome, complete genome",transAT-PKS.NRPS,PKS-NRP_Hybrids,Bacillus velezensis LABIM40,"Bacteria,Firmicutes,Bacilli,Bacillales,Bacillaceae,Bacillus,Bacillus amyloliquefaciens group",,Public,velezensis,"thr,ser,glu,ser,asn,tyr,asn,fatty_acid,mal",4076.0,4607.0,Bacillomycin L
NZ_CP033967.1.region008,NZ_CP033967.1,"Bacillus velezensis strain 1B-23 chromosome, complete genome",transAT-PKS.NRPS-like.NRPS,PKS-NRP_Hybrids,Bacillus velezensis 1B-23,"Bacteria,Firmicutes,Bacilli,Bacillales,Bacillaceae,Bacillus,Bacillus amyloliquefaciens group",,Public,velezensis,"mal,fatty_acid,asn,tyr,asn,gln,pro,asn,ser",4607.0,4607.0,Iturin A
NC_014551.1.region006,NC_014551.1,Bacillus amyloliquefaciens DSM7 complete genome,transAT-PKS.NRPS,PKS-NRP_Hybrids,Bacillus amyloliquefaciens DSM 7 = ATCC 23350,"Bacteria,Firmicutes,Bacilli,Bacillales,Bacillaceae,Bacillus,Bacillus amyloliquefaciens group",,Public,amyloliquefaciens,"ser,asn,pro,gln,asn,tyr,asn,fatty_acid,mal,inactive",3523.0,4607.0,Iturin A
NZ_CP009679.1.region007,NZ_CP009679.1,"Bacillus velezensis strain JS25R chromosome, complete genome",transAT-PKS.NRPS,PKS-NRP_Hybrids,Bacillus velezensis JS25R,"Bacteria,Firmicutes,Bacilli,Bacillales,Bacillaceae,Bacillus,Bacillus amyloliquefaciens group",,Public,velezensis,"thr,ser,glu,pro,asn,tyr,asn,fatty_acid,mal",4076.0,4607.0,Bacillomycin D
NZ_CP014783.1.region007,NZ_CP014783.1,"Bacillus amyloliquefaciens strain B15 chromosome, complete genome",transAT-PKS.NRPS,PKS-NRP_Hybrids,Bacillus amyloliquefaciens B15,"Bacteria,Firmicutes,Bacilli,Bacillales,Bacillaceae,Bacillus,Bacillus amyloliquefaciens group",,Public,amyloliquefaciens,"ser,asn,pro,gln,asn,tyr,asn,fatty_acid,mal",4607.0,4607.0,Iturin A
NC_014479.1.region005,NC_014479.1,"Bacillus subtilis subsp. spizizenii str. W23, complete genome",transAT-PKS.NRPS,PKS-NRP_Hybrids,Bacillus subtilis subsp. spizizenii str. W23,"Bacteria,Firmicutes,Bacilli,Bacillales,Bacillaceae,Bacillus",,Public,subtilis,"X,asn,ser,pro,gln,asn,tyr,asn,fatty_acid,mal",3481.0,2044.0,Mycosubtilin
NZ_CP039297.1.region007,NZ_CP039297.1,"Bacillus velezensis isolate UFLA258 chromosome, complete genome",transAT-PKS.NRPS,PKS-NRP_Hybrids,Bacillus velezensis UFLA258,"Bacteria,Firmicutes,Bacilli,Bacillales,Bacillaceae,Bacillus,Bacillus amyloliquefaciens group",,Public,velezensis,"ser,asn,pro,gln,asn,tyr,asn,fatty_acid,mal",4607.0,4607.0,Iturin A
NZ_CP026610.1.region008,NZ_CP026610.1,"Bacillus velezensis strain CGMCC 11640 chromosome, complete genome",transAT-PKS.NRPS,PKS-NRP_Hybrids,Bacillus velezensis CGMCC 11640,"Bacteria,Firmicutes,Bacilli,Bacillales,Bacillaceae,Bacillus,Bacillus amyloliquefaciens group",,Public,velezensis,"ser,asn,pro,gln,asn,tyr,asn,fatty_acid,mal",4607.0,4607.0,Iturin A
NZ_CP006058.1.region002,NZ_CP006058.1,"Bacillus amyloliquefaciens UMAF6639, complete genome",transAT-PKS.NRPS,PKS-NRP_Hybrids,Bacillus amyloliquefaciens UMAF6639,"Bacteria,Firmicutes,Bacilli,Bacillales,Bacillaceae,Bacillus,Bacillus amyloliquefaciens group",,Public,amyloliquefaciens,"ser,asn,pro,gln,asn,tyr,asn,fatty_acid,mal",4607.0,4607.0,Iturin A
NZ_CP016767.1.region004,NZ_CP016767.1,"Bacillus subtilis strain CW14 chromosome, complete genome",NRPS-like.transAT-PKS.betalactone.NRPS,Others,Bacillus subtilis CW14,"Bacteria,Firmicutes,Bacilli,Bacillales,Bacillaceae,Bacillus",,Public,subtilis,"mal,fatty_acid,asn,tyr,asn,gln,pro,asn,thr",3523.0,4607.0,Bacillomycin F
NZ_CP023320.1.region011,NZ_CP023320.1,"Bacillus velezensis strain SCGB 1 chromosome, complete genome",transAT-PKS.NRPS,PKS-NRP_Hybrids,Bacillus velezensis SCGB 1,"Bacteria,Firmicutes,Bacilli,Bacillales,Bacillaceae,Bacillus,Bacillus amyloliquefaciens group",,Public,velezensis,"thr,ser,glu,pro,asn,tyr,asn,fatty_acid,mal",4076.0,4607.0,Bacillomycin D
NZ_CP029070.1.region007,NZ_CP029070.1,"Bacillus amyloliquefaciens strain ALB69 chromosome, complete genome",transAT-PKS.NRPS,PKS-NRP_Hybrids,Bacillus amyloliquefaciens ALB69,"Bacteria,Firmicutes,Bacilli,Bacillales,Bacillaceae,Bacillus,Bacillus amyloliquefaciens group",,Public,amyloliquefaciens,"thr,ser,glu,pro,asn,tyr,asn,fatty_acid,mal",4076.0,4607.0,Bacillomycin D
NZ_CP040378.1.region008,NZ_CP040378.1,Bacillus velezensis strain P34 chromosome,transAT-PKS.NRPS,PKS-NRP_Hybrids,Bacillus velezensis P34,"Bacteria,Firmicutes,Bacilli,Bacillales,Bacillaceae,Bacillus,Bacillus amyloliquefaciens group",,Public,velezensis,"thr,ser,glu,ser,asn,tyr,asn,fatty_acid,mal",4076.0,4607.0,Bacillomycin L
NZ_CP021500.1.region007,NZ_CP021500.1,"Bacillus atrophaeus strain SRCM101359 chromosome, complete genome",transAT-PKS.NRPS,PKS-NRP_Hybrids,Bacillus atrophaeus SRCM101359,"Bacteria,Firmicutes,Bacilli,Bacillales,Bacillaceae,Bacillus",,Public,atrophaeus,"asn,ser,pro,gln,asn,tyr,asn,fatty_acid,mal,inactive",2972.0,2044.0,Mycosubtilin
NZ_CP035393.1.region008,NZ_CP035393.1,"Bacillus velezensis strain SRCM103691 chromosome, complete genome",transAT-PKS.NRPS,PKS-NRP_Hybrids,Bacillus velezensis SRCM103691,"Bacteria,Firmicutes,Bacilli,Bacillales,Bacillaceae,Bacillus,Bacillus amyloliquefaciens group",,Public,velezensis,"thr,ser,glu,pro,asn,tyr,asn,fatty_acid,mal",4076.0,4607.0,Bacillomycin D
NC_017188.1.region008,NC_017188.1,"Bacillus amyloliquefaciens TA208, complete genome",transAT-PKS.NRPS-like.NRPS,PKS-NRP_Hybrids,Bacillus amyloliquefaciens TA208,"Bacteria,Firmicutes,Bacilli,Bacillales,Bacillaceae,Bacillus,Bacillus amyloliquefaciens group",,Public,amyloliquefaciens,"inactive,mal,fatty_acid,asn,tyr,asn,gln,pro,asn,ser",3523.0,4607.0,Iturin A
NZ_CP034943.1.region005,NZ_CP034943.1,"Bacillus subtilis subsp. spizizenii ATCC 6633 chromosome, complete genome",transAT-PKS.NRPS,PKS-NRP_Hybrids,Bacillus subtilis subsp. spizizenii ATCC 6633,"Bacteria,Firmicutes,Bacilli,Bacillales,Bacillaceae,Bacillus",,Public,subtilis,"X,asn,ser,pro,gln,asn,tyr,asn,fatty_acid,mal",3481.0,2044.0,Mycosubtilin
NZ_CP022653.1.region007,NZ_CP022653.1,"Bacillus atrophaeus strain GQJK17 chromosome, complete genome",transAT-PKS.NRPS,PKS-NRP_Hybrids,Bacillus atrophaeus GQJK17,"Bacteria,Firmicutes,Bacilli,Bacillales,Bacillaceae,Bacillus",,Public,atrophaeus,"asn,ser,pro,gln,asn,tyr,asn,fatty_acid,mal,inactive",2972.0,2044.0,Mycosubtilin
NZ_CP021338.1.region008,NZ_CP021338.1,"Bacillus velezensis strain ZL918 chromosome, complete genome",transAT-PKS.NRPS,PKS-NRP_Hybrids,Bacillus velezensis ZL918,"Bacteria,Firmicutes,Bacilli,Bacillales,Bacillaceae,Bacillus,Bacillus amyloliquefaciens group",,Public,velezensis,"ser,asn,pro,gln,asn,tyr,asn,fatty_acid,mal",4607.0,4607.0,Iturin A
NZ_CP022341.1.region007,NZ_CP022341.1,"Bacillus velezensis strain 157 chromosome, complete genome",transAT-PKS.NRPS,PKS-NRP_Hybrids,Bacillus velezensis 157,"Bacteria,Firmicutes,Bacilli,Bacillales,Bacillaceae,Bacillus,Bacillus amyloliquefaciens group",,Public,velezensis,"thr,ser,glu,pro,asn,tyr,asn,fatty_acid,mal",4076.0,4607.0,Bacillomycin D
NZ_CP014990.2.region006,NZ_CP014990.2,"Bacillus velezensis strain KD1 chromosome, complete genome",transAT-PKS.NRPS,PKS-NRP_Hybrids,Bacillus velezensis KD1,"Bacteria,Firmicutes,Bacilli,Bacillales,Bacillaceae,Bacillus,Bacillus amyloliquefaciens group",,Public,velezensis,"thr,ser,glu,ser,asn,tyr,asn,fatty_acid,mal",4076.0,4607.0,Bacillomycin L
CP015417.1.region006,CP015417.1,"Bacillus velezensis strain SB1216, complete genome",transAT-PKS.NRPS,PKS-NRP_Hybrids,Bacillus velezensis SB1216,"Bacteria,Firmicutes,Bacilli,Bacillales,Bacillaceae,Bacillus,Bacillus amyloliquefaciens group",,Public,velezensis,"thr,ser,glu,ser,asn,tyr,asn,fatty_acid,mal",4076.0,4607.0,Bacillomycin L
BGC0001090.1,BGC0001090.1,Bacillomycin biosynthetic gene cluster,transatpks.nrps,PKS-NRP_Hybrids,Bacillus amyloliquefaciens subsp. plantarum str. FZB42,"Bacteria,Firmicutes,Bacilli,Bacillales,Bacillaceae,Bacillus",Bacillomycin,MIBIG,amyloliquefaciens,,,,
NZ_CP028441.1.region006,NZ_CP028441.1,"Bacillus velezensis strain 131-4 chromosome, complete genome",transAT-PKS.NRPS,PKS-NRP_Hybrids,Bacillus velezensis 131-4,"Bacteria,Firmicutes,Bacilli,Bacillales,Bacillaceae,Bacillus,Bacillus amyloliquefaciens group",,Public,velezensis,"ser,asn,pro,gln,asn,tyr,asn,fatty_acid,mal",4607.0,4607.0,Iturin A
NZ_CP018902.1.region005,NZ_CP018902.1,"Bacillus amyloliquefaciens strain HK1 chromosome, complete genome",transAT-PKS.NRPS-like.NRPS,PKS-NRP_Hybrids,Bacillus amyloliquefaciens HK1,"Bacteria,Firmicutes,Bacilli,Bacillales,Bacillaceae,Bacillus,Bacillus amyloliquefaciens group",,Public,amyloliquefaciens,"inactive,mal,fatty_acid,asn,tyr,asn,gln,pro,asn,ser",3523.0,4607.0,Iturin A
NZ_CP025341.1.region008,NZ_CP025341.1,"Bacillus velezensis strain CMT-6 chromosome, complete genome",transAT-PKS.NRPS,PKS-NRP_Hybrids,Bacillus velezensis CMT-6,"Bacteria,Firmicutes,Bacilli,Bacillales,Bacillaceae,Bacillus,Bacillus amyloliquefaciens group",,Public,velezensis,"ser,asn,pro,gln,asn,tyr,asn,fatty_acid,mal",4607.0,4607.0,Iturin A
NZ_CP010556.1.region007,NZ_CP010556.1,"Bacillus velezensis strain L-H15 chromosome, complete genome",transAT-PKS.NRPS,PKS-NRP_Hybrids,Bacillus velezensis L-H15,"Bacteria,Firmicutes,Bacilli,Bacillales,Bacillaceae,Bacillus,Bacillus amyloliquefaciens group",,Public,velezensis,"ser,asn,pro,gln,asn,tyr,asn,fatty_acid,mal",4607.0,4607.0,Iturin A
NZ_CP027868.1.region001,NZ_CP027868.1,Bacillus velezensis strain SGAir0473 chromosome,transAT-PKS.NRPS,PKS-NRP_Hybrids,Bacillus velezensis SGAir0473,"Bacteria,Firmicutes,Bacilli,Bacillales,Bacillaceae,Bacillus,Bacillus amyloliquefaciens group",,Public,velezensis,"thr,ser,glu,pro,asn,tyr,asn,fatty_acid,mal",4076.0,4607.0,Bacillomycin D
NZ_CP039755.1.region004,NZ_CP039755.1,Bacillus subtilis strain NRS 231 chromosome,transAT-PKS.NRPS,PKS-NRP_Hybrids,Bacillus subtilis NRS 231,"Bacteria,Firmicutes,Bacilli,Bacillales,Bacillaceae,Bacillus",,Public,subtilis,"X,asn,ser,pro,gln,asn,tyr,asn,fatty_acid,mal",3481.0,2044.0,Mycosubtilin
NC_022653.1.region007,NC_022653.1,"Bacillus amyloliquefaciens CC178, complete genome",transAT-PKS.NRPS,PKS-NRP_Hybrids,Bacillus amyloliquefaciens CC178,"Bacteria,Firmicutes,Bacilli,Bacillales,Bacillaceae,Bacillus,Bacillus amyloliquefaciens group",,Public,amyloliquefaciens,"thr,ser,glu,pro,asn,tyr,asn,fatty_acid,mal",4076.0,4607.0,Bacillomycin D
NZ_CP009748.1.region006,NZ_CP009748.1,"Bacillus subtilis strain ATCC 13952, complete genome",transAT-PKS.NRPS,PKS-NRP_Hybrids,Bacillus subtilis ATCC 13952,"Bacteria,Firmicutes,Bacilli,Bacillales,Bacillaceae,Bacillus",,Public,subtilis,"ser,asn,pro,gln,asn,tyr,asn,fatty_acid,mal,inactive",3523.0,4607.0,Iturin A
NZ_CP006960.1.region009,NZ_CP006960.1,"Bacillus amyloliquefaciens UMAF6614, complete genome",transAT-PKS.NRPS,PKS-NRP_Hybrids,Bacillus amyloliquefaciens UMAF6614,"Bacteria,Firmicutes,Bacilli,Bacillales,Bacillaceae,Bacillus,Bacillus amyloliquefaciens group",,Public,amyloliquefaciens,"thr,ser,glu,pro,asn,tyr,asn,fatty_acid,mal",4076.0,4607.0,Bacillomycin D
NZ_CP028440.1.region005,NZ_CP028440.1,"Bacillus velezensis strain J7-1 chromosome, complete genome",transAT-PKS.NRPS-like.NRPS,PKS-NRP_Hybrids,Bacillus velezensis J7-1,"Bacteria,Firmicutes,Bacilli,Bacillales,Bacillaceae,Bacillus,Bacillus amyloliquefaciens group",,Public,velezensis,"mal,fatty_acid,asn,tyr,asn,gln,pro,asn,ser",4607.0,4607.0,Iturin A
NZ_CP029071.1.region007,NZ_CP029071.1,"Bacillus amyloliquefaciens strain ALB79 chromosome, complete genome",transAT-PKS.NRPS,PKS-NRP_Hybrids,Bacillus amyloliquefaciens ALB79,"Bacteria,Firmicutes,Bacilli,Bacillales,Bacillaceae,Bacillus,Bacillus amyloliquefaciens group",,Public,amyloliquefaciens,"ser,asn,pro,gln,asn,tyr,asn,fatty_acid,mal",4607.0,4607.0,Iturin A
NZ_CP039380.1.region006,NZ_CP039380.1,"Bacillus velezensis strain LPL-K103 chromosome, complete genome",transAT-PKS.NRPS,PKS-NRP_Hybrids,Bacillus velezensis LPL-K103,"Bacteria,Firmicutes,Bacilli,Bacillales,Bacillaceae,Bacillus,Bacillus amyloliquefaciens group",,Public,velezensis,"thr,ser,glu,ser,asn,tyr,asn,fatty_acid,mal",4076.0,4607.0,Bacillomycin L
NZ_CP024897.1.region007,NZ_CP024897.1,"Bacillus velezensis strain CN026 chromosome, complete genome",transAT-PKS.NRPS,PKS-NRP_Hybrids,Bacillus velezensis CN026,"Bacteria,Firmicutes,Bacilli,Bacillales,Bacillaceae,Bacillus,Bacillus amyloliquefaciens group",,Public,velezensis,"thr,ser,glu,pro,asn,tyr,asn,fatty_acid,mal",4076.0,4607.0,Bacillomycin D
CP041143.1.region007,CP041143.1,"Bacillus velezensis strain UCMB5007 chromosome, complete genome",transAT-PKS.NRPS,PKS-NRP_Hybrids,Bacillus velezensis UCMB5007,"Bacteria,Firmicutes,Bacilli,Bacillales,Bacillaceae,Bacillus,Bacillus amyloliquefaciens group",,Public,velezensis,"thr,ser,glu,pro,asn,tyr,asn,fatty_acid,mal",4076.0,4607.0,Bacillomycin D
NZ_CP018133.1.region008,NZ_CP018133.1,"Bacillus velezensis strain ATR2 chromosome, complete genome",transAT-PKS.NRPS,PKS-NRP_Hybrids,Bacillus velezensis ATR2,"Bacteria,Firmicutes,Bacilli,Bacillales,Bacillaceae,Bacillus,Bacillus amyloliquefaciens group",,Public,velezensis,"thr,ser,glu,pro,asn,tyr,asn,fatty_acid,mal",4076.0,4607.0,Bacillomycin D
NZ_CP016371.1.region007,NZ_CP016371.1,"Bacillus velezensis strain S3-1, complete genome",transAT-PKS.NRPS,PKS-NRP_Hybrids,Bacillus velezensis S3-1,"Bacteria,Firmicutes,Bacilli,Bacillales,Bacillaceae,Bacillus,Bacillus amyloliquefaciens group",,Public,velezensis,"ser,asn,pro,gln,asn,tyr,asn,fatty_acid,mal",4607.0,4607.0,Iturin A
NZ_CP030097.1.region006,NZ_CP030097.1,"Bacillus amyloliquefaciens strain SH-B74 chromosome, complete genome",transAT-PKS.NRPS,PKS-NRP_Hybrids,Bacillus amyloliquefaciens SH-B74,"Bacteria,Firmicutes,Bacilli,Bacillales,Bacillaceae,Bacillus,Bacillus amyloliquefaciens group",,Public,amyloliquefaciens,"thr,ser,glu,ser,asn,tyr,asn,fatty_acid,mal",4076.0,4607.0,Bacillomycin L
NZ_AP018402.1.region007,NZ_AP018402.1,"Bacillus velezensis S141 DNA, complete genome",transAT-PKS.NRPS,PKS-NRP_Hybrids,Bacillus velezensis S141,"Bacteria,Firmicutes,Bacilli,Bacillales,Bacillaceae,Bacillus,Bacillus amyloliquefaciens group",,Public,velezensis,"thr,ser,glu,ser,asn,tyr,asn,fatty_acid,mal",4076.0,4607.0,Bacillomycin L
NZ_CP023414.1.region007,NZ_CP023414.1,"Bacillus velezensis strain BS-37 chromosome, complete genome",transAT-PKS.NRPS-like.NRPS,PKS-NRP_Hybrids,Bacillus velezensis BS-37,"Bacteria,Firmicutes,Bacilli,Bacillales,Bacillaceae,Bacillus,Bacillus amyloliquefaciens group",,Public,velezensis,"mal,fatty_acid,asn,tyr,asn,ser,glu,ser,thr",4076.0,4607.0,Bacillomycin L
NC_022530.1.region007,NC_022530.1,"Bacillus amyloliquefaciens subsp. plantarum NAU-B3, complete genome",transAT-PKS.NRPS-like.NRPS,PKS-NRP_Hybrids,Bacillus velezensis NAU-B3,"Bacteria,Firmicutes,Bacilli,Bacillales,Bacillaceae,Bacillus,Bacillus amyloliquefaciens group",,Public,velezensis,"mal,fatty_acid,asn,tyr,asn,pro,glu,ser,thr",4076.0,4607.0,Bacillomycin D
NZ_CP011686.1.region007,NZ_CP011686.1,"Bacillus velezensis strain G341 chromosome, complete genome",transAT-PKS.NRPS,PKS-NRP_Hybrids,Bacillus velezensis G341,"Bacteria,Firmicutes,Bacilli,Bacillales,Bacillaceae,Bacillus,Bacillus amyloliquefaciens group",,Public,velezensis,"thr,ser,glu,ser,asn,tyr,asn,fatty_acid,mal",4076.0,4607.0,Bacillomycin L
NZ_CP037417.1.region008,NZ_CP037417.1,"Bacillus velezensis strain LB002 chromosome, complete genome",transAT-PKS.NRPS,PKS-NRP_Hybrids,Bacillus velezensis LB002,"Bacteria,Firmicutes,Bacilli,Bacillales,Bacillaceae,Bacillus,Bacillus amyloliquefaciens group",,Public,velezensis,"ser,asn,pro,gln,asn,tyr,asn,fatty_acid,mal",4607.0,4607.0,Iturin A
NZ_CP035399.1.region008,NZ_CP035399.1,"Bacillus velezensis strain SRCM103788 chromosome, complete genome",transAT-PKS.NRPS,PKS-NRP_Hybrids,Bacillus velezensis SRCM103788,"Bacteria,Firmicutes,Bacilli,Bacillales,Bacillaceae,Bacillus,Bacillus amyloliquefaciens group",,Public,velezensis,"thr,ser,glu,pro,asn,tyr,asn,fatty_acid,mal",4076.0,4607.0,Bacillomycin D
NZ_CP032146.1.region008,NZ_CP032146.1,"Bacillus amyloliquefaciens strain YP6 chromosome, complete genome",transAT-PKS.NRPS,PKS-NRP_Hybrids,Bacillus amyloliquefaciens YP6,"Bacteria,Firmicutes,Bacilli,Bacillales,Bacillaceae,Bacillus,Bacillus amyloliquefaciens group",,Public,amyloliquefaciens,"ser,asn,pro,gln,asn,tyr,asn,fatty_acid,mal,inactive",3523.0,4607.0,Iturin A
NZ_CP025939.1.region004,NZ_CP025939.1,"Bacillus velezensis strain 10075 chromosome, complete genome",transAT-PKS.NRPS,PKS-NRP_Hybrids,Bacillus velezensis 10075,"Bacteria,Firmicutes,Bacilli,Bacillales,Bacillaceae,Bacillus,Bacillus amyloliquefaciens group",,Public,velezensis,"thr,ser,glu,pro,asn,tyr,asn,fatty_acid,mal",4076.0,4607.0,Bacillomycin D
NZ_CP034203.1.region008,NZ_CP034203.1,"Bacillus velezensis strain 83 chromosome, complete genome",transAT-PKS.NRPS,PKS-NRP_Hybrids,Bacillus velezensis 83,"Bacteria,Firmicutes,Bacilli,Bacillales,Bacillaceae,Bacillus,Bacillus amyloliquefaciens group",,Public,velezensis,"thr,ser,glu,pro,asn,tyr,asn,fatty_acid,mal",4076.0,4607.0,Bacillomycin D
NZ_CP009684.1.region009,NZ_CP009684.1,Bacillus subtilis strain B-1 genome,transAT-PKS.NRPS,PKS-NRP_Hybrids,Bacillus subtilis B-1,"Bacteria,Firmicutes,Bacilli,Bacillales,Bacillaceae,Bacillus",,Public,subtilis,"ser,asn,pro,gln,asn,tyr,asn,fatty_acid,mal",4607.0,4607.0,Iturin A
NZ_CP020375.1.region007,NZ_CP020375.1,"Bacillus velezensis strain JTYP2 chromosome, complete genome",transAT-PKS.NRPS,PKS-NRP_Hybrids,Bacillus velezensis JTYP2,"Bacteria,Firmicutes,Bacilli,Bacillales,Bacillaceae,Bacillus,Bacillus amyloliquefaciens group",,Public,velezensis,"ser,asn,pro,gln,asn,tyr,asn,fatty_acid,mal",4607.0,4607.0,Iturin A
NZ_CP013984.1.region005,NZ_CP013984.1,"Bacillus subtilis subsp. inaquosorum strain DE111, complete genome",transAT-PKS.betalactone.NRPS,Others,Bacillus subtilis subsp. inaquosorum DE111,"Bacteria,Firmicutes,Bacilli,Bacillales,Bacillaceae,Bacillus",,Public,subtilis,"thr,asn,pro,gln,asn,tyr,asn,fatty_acid,mal",4607.0,4607.0,Bacillomycin F
NC_023073.1.region008,NC_023073.1,"Bacillus amyloliquefaciens LFB112, complete genome",transAT-PKS.NRPS,PKS-NRP_Hybrids,Bacillus amyloliquefaciens LFB112,"Bacteria,Firmicutes,Bacilli,Bacillales,Bacillaceae,Bacillus,Bacillus amyloliquefaciens group",,Public,amyloliquefaciens,"ser,asn,pro,gln,asn,tyr,asn,fatty_acid,mal",4607.0,4607.0,Iturin A
NZ_CP033054.1.region007,NZ_CP033054.1,"Bacillus velezensis strain Bac57 chromosome, complete genome",transAT-PKS.NRPS,PKS-NRP_Hybrids,Bacillus velezensis Bac57,"Bacteria,Firmicutes,Bacilli,Bacillales,Bacillaceae,Bacillus,Bacillus amyloliquefaciens group",,Public,velezensis,"thr,ser,glu,ser,asn,tyr,asn,fatty_acid,mal",4076.0,4607.0,Bacillomycin L
NZ_CP011802.1.region004,NZ_CP011802.1,Bacillus atrophaeus UCMB-5137 genome,transAT-PKS.NRPS,PKS-NRP_Hybrids,Bacillus atrophaeus UCMB-5137,"Bacteria,Firmicutes,Bacilli,Bacillales,Bacillaceae,Bacillus",,Public,atrophaeus,"asn,ser,pro,gln,asn,tyr,asn,fatty_acid,mal,inactive",2972.0,2044.0,Mycosubtilin
NZ_CP007242.1.region006,NZ_CP007242.1,"Bacillus amyloliquefaciens subsp. amyloliquefaciens KHG19, complete genome",transAT-PKS.NRPS,PKS-NRP_Hybrids,Bacillus amyloliquefaciens KHG19,"Bacteria,Firmicutes,Bacilli,Bacillales,Bacillaceae,Bacillus,Bacillus amyloliquefaciens group",,Public,amyloliquefaciens,"thr,ser,glu,ser,asn,tyr,asn,fatty_acid,mal",4076.0,4607.0,Bacillomycin L
NZ_CP028375.1.region007,NZ_CP028375.1,"Bacillus velezensis strain W1 chromosome, complete genome",transAT-PKS.NRPS,PKS-NRP_Hybrids,Bacillus velezensis W1,"Bacteria,Firmicutes,Bacilli,Bacillales,Bacillaceae,Bacillus,Bacillus amyloliquefaciens group",,Public,velezensis,"thr,ser,glu,pro,asn,tyr,asn,fatty_acid,mal",4076.0,4607.0,Bacillomycin D
NC_020410.1.region006,NC_020410.1,Bacillus amyloliquefaciens subsp. plantarum UCMB5036 complete genome,transAT-PKS.NRPS,PKS-NRP_Hybrids,Bacillus velezensis UCMB5036,"Bacteria,Firmicutes,Bacilli,Bacillales,Bacillaceae,Bacillus,Bacillus amyloliquefaciens group",,Public,velezensis,"ser,asn,pro,gln,asn,tyr,asn,fatty_acid,mal",4607.0,4607.0,Iturin A
NZ_CP031424.1.region007,NZ_CP031424.1,"Bacillus amyloliquefaciens strain B-4 chromosome, complete genome",transAT-PKS.NRPS,PKS-NRP_Hybrids,Bacillus amyloliquefaciens B-4,"Bacteria,Firmicutes,Bacilli,Bacillales,Bacillaceae,Bacillus,Bacillus amyloliquefaciens group",,Public,amyloliquefaciens,"ser,asn,pro,gln,asn,tyr,asn,fatty_acid,mal",4607.0,4607.0,Iturin A
CP041145.1.region008,CP041145.1,"Bacillus velezensis strain At1 chromosome, complete genome",transAT-PKS.NRPS,PKS-NRP_Hybrids,Bacillus velezensis At1,"Bacteria,Firmicutes,Bacilli,Bacillales,Bacillaceae,Bacillus,Bacillus amyloliquefaciens group",,Public,velezensis,"thr,ser,glu,ser,asn,tyr,asn,fatty_acid,mal",4076.0,4607.0,Bacillomycin L
NZ_CP035410.1.region008,NZ_CP035410.1,"Bacillus velezensis strain SRCM103616 chromosome, complete genome",transAT-PKS.NRPS,PKS-NRP_Hybrids,Bacillus velezensis SRCM103616,"Bacteria,Firmicutes,Bacilli,Bacillales,Bacillaceae,Bacillus,Bacillus amyloliquefaciens group",,Public,velezensis,"thr,ser,glu,pro,asn,tyr,asn,fatty_acid,mal",4076.0,4607.0,Bacillomycin D
NZ_CP034037.1.region006,NZ_CP034037.1,"Bacillus velezensis strain BCSo1 chromosome, complete genome",transAT-PKS.NRPS,PKS-NRP_Hybrids,Bacillus velezensis BCSo1,"Bacteria,Firmicutes,Bacilli,Bacillales,Bacillaceae,Bacillus,Bacillus amyloliquefaciens group",,Public,velezensis,"asn,tyr,asn,fatty_acid,mal",4076.0,4607.0,Itu_Others
CP024051.1.region006,CP024051.1,"Bacillus atrophaeus strain BA59 chromosome, complete genome",transAT-PKS.NRPS,PKS-NRP_Hybrids,Bacillus atrophaeus BA59,"Bacteria,Firmicutes,Bacilli,Bacillales,Bacillaceae,Bacillus",,Public,atrophaeus,"inactive,mal,fatty_acid,asn,tyr,ser,asn",1832.0,2044.0,Itu_Others
NZ_CP016913.1.region006,NZ_CP016913.1,"Bacillus amyloliquefaciens strain RD7-7, complete genome",transAT-PKS.NRPS,PKS-NRP_Hybrids,Bacillus amyloliquefaciens RD7-7,"Bacteria,Firmicutes,Bacilli,Bacillales,Bacillaceae,Bacillus,Bacillus amyloliquefaciens group",,Public,amyloliquefaciens,"thr,ser,glu,pro,asn,tyr,asn,fatty_acid,mal,inactive",3523.0,4607.0,Bacillomycin D
CP041144.1.region007,CP041144.1,"Bacillus velezensis strain UCMB5044 chromosome, complete genome",transAT-PKS.NRPS,PKS-NRP_Hybrids,Bacillus velezensis UCMB5044,"Bacteria,Firmicutes,Bacilli,Bacillales,Bacillaceae,Bacillus,Bacillus amyloliquefaciens group",,Public,velezensis,"thr,ser,glu,pro,asn,tyr,asn,fatty_acid,mal",4076.0,4607.0,Bacillomycin D
NZ_CP033576.1.region014,NZ_CP033576.1,"Bacillus velezensis strain NY12-2 chromosome, complete genome",transAT-PKS.NRPS,PKS-NRP_Hybrids,Bacillus velezensis NY12-2,"Bacteria,Firmicutes,Bacilli,Bacillales,Bacillaceae,Bacillus,Bacillus amyloliquefaciens group",,Public,velezensis,"thr,ser,glu,pro,asn,tyr,asn,fatty_acid,mal",4076.0,4607.0,Bacillomycin D
NZ_CP023859.1.region009,NZ_CP023859.1,"Bacillus velezensis strain L-1 chromosome, complete genome",transAT-PKS.NRPS,PKS-NRP_Hybrids,Bacillus velezensis L-1,"Bacteria,Firmicutes,Bacilli,Bacillales,Bacillaceae,Bacillus,Bacillus amyloliquefaciens group",,Public,velezensis,"ser,asn,pro,gln,asn,tyr,asn,fatty_acid,mal",4607.0,4607.0,Iturin A
NZ_CP011252.1.region006,NZ_CP011252.1,"Bacillus amyloliquefaciens strain MT45, complete genome",transAT-PKS.NRPS,PKS-NRP_Hybrids,Bacillus amyloliquefaciens MT45,"Bacteria,Firmicutes,Bacilli,Bacillales,Bacillaceae,Bacillus,Bacillus amyloliquefaciens group",,Public,amyloliquefaciens,"ser,asn,gln,asn,tyr,asn,fatty_acid,mal,inactive",3523.0,4607.0,Itu_Others
NZ_CP007165.1.region008,NZ_CP007165.1,"Bacillus velezensis NJN-6, complete genome",transAT-PKS.NRPS,PKS-NRP_Hybrids,Bacillus velezensis NJN-6,"Bacteria,Firmicutes,Bacilli,Bacillales,Bacillaceae,Bacillus,Bacillus amyloliquefaciens group",,Public,velezensis,"ser,asn,pro,gln,asn,tyr,asn,fatty_acid,mal",4607.0,4607.0,Iturin A
NZ_CP029465.1.region006,NZ_CP029465.1,"Bacillus subtilis subsp. inaquosorum strain KCTC 13429 chromosome, complete genome",transAT-PKS.betalactone.NRPS,Others,Bacillus subtilis subsp. inaquosorum KCTC 13429,"Bacteria,Firmicutes,Bacilli,Bacillales,Bacillaceae,Bacillus",,Public,subtilis,"thr,asn,pro,gln,asn,tyr,asn,fatty_acid,mal",4076.0,4607.0,Bacillomycin F
NZ_CP032154.1.region007,NZ_CP032154.1,"Bacillus velezensis strain ZF2 chromosome, complete genome",transAT-PKS.NRPS,PKS-NRP_Hybrids,Bacillus velezensis ZF2,"Bacteria,Firmicutes,Bacilli,Bacillales,Bacillaceae,Bacillus,Bacillus amyloliquefaciens group",,Public,velezensis,"ser,asn,pro,gln,asn,tyr,asn,fatty_acid,mal",4607.0,4607.0,Iturin A
NZ_CP022556.1.region005,NZ_CP022556.1,"Bacillus velezensis strain NJAU-Z9 chromosome, complete genome",transAT-PKS.NRPS-like.NRPS,PKS-NRP_Hybrids,Bacillus velezensis NJAU-Z9,"Bacteria,Firmicutes,Bacilli,Bacillales,Bacillaceae,Bacillus,Bacillus amyloliquefaciens group",,Public,velezensis,"mal,fatty_acid,asn,tyr,asn,gln,pro,asn,ser",4607.0,4607.0,Iturin A
NZ_CP021495.1.region007,NZ_CP021495.1,"Bacillus velezensis strain GQJK49 chromosome, complete genome",transAT-PKS.NRPS,PKS-NRP_Hybrids,Bacillus velezensis GQJK49,"Bacteria,Firmicutes,Bacilli,Bacillales,Bacillaceae,Bacillus,Bacillus amyloliquefaciens group",,Public,velezensis,"ser,asn,pro,gln,asn,tyr,asn,fatty_acid,mal",4607.0,4607.0,Iturin A
NC_017190.1.region006,NC_017190.1,"Bacillus amyloliquefaciens LL3, complete genome",transAT-PKS.NRPS,PKS-NRP_Hybrids,Bacillus amyloliquefaciens LL3,"Bacteria,Firmicutes,Bacilli,Bacillales,Bacillaceae,Bacillus,Bacillus amyloliquefaciens group",,Public,amyloliquefaciens,"ser,asn,pro,gln,asn,tyr,asn,fatty_acid,mal,inactive",3523.0,4607.0,Iturin A
NZ_CP021890.1.region007,NZ_CP021890.1,"Bacillus velezensis strain SRCM101413 chromosome, complete genome",transAT-PKS.NRPS,PKS-NRP_Hybrids,Bacillus velezensis SRCM101413,"Bacteria,Firmicutes,Bacilli,Bacillales,Bacillaceae,Bacillus,Bacillus amyloliquefaciens group",,Public,velezensis,"ser,glu,pro,asn,tyr,asn,fatty_acid,mal",4076.0,4607.0,Itu_Others
NZ_CP021888.1.region008,NZ_CP021888.1,"Bacillus velezensis strain SRCM100072 chromosome, complete genome",transAT-PKS.NRPS,PKS-NRP_Hybrids,Bacillus velezensis SRCM100072,"Bacteria,Firmicutes,Bacilli,Bacillales,Bacillaceae,Bacillus,Bacillus amyloliquefaciens group",,Public,velezensis,"thr,ser,glu,pro,asn,tyr,asn,fatty_acid,mal",4076.0,4607.0,Bacillomycin D
NC_022075.1.region007,NC_022075.1,"Bacillus amyloliquefaciens subsp. plantarum UCMB5033, complete genome",transAT-PKS.NRPS,PKS-NRP_Hybrids,Bacillus velezensis UCMB5033 UCMB-5033,"Bacteria,Firmicutes,Bacilli,Bacillales,Bacillaceae,Bacillus,Bacillus amyloliquefaciens group",,Public,velezensis,"thr,ser,glu,ser,asn,tyr,asn,fatty_acid,mal",4076.0,4607.0,Bacillomycin L
NC_016047.1.region004,NC_016047.1,"Bacillus subtilis subsp. spizizenii TU-B-10, complete genome",transAT-PKS.NRPS,PKS-NRP_Hybrids,Bacillus subtilis subsp. spizizenii TU-B-10,"Bacteria,Firmicutes,Bacilli,Bacillales,Bacillaceae,Bacillus",,Public,subtilis,"X,asn,ser,pro,gln,asn,tyr,asn,fatty_acid,mal",3481.0,2044.0,Mycosubtilin
NZ_CP023133.1.region009,NZ_CP023133.1,Bacillus velezensis strain J01 chromosome,transAT-PKS.NRPS,PKS-NRP_Hybrids,Bacillus velezensis J01,"Bacteria,Firmicutes,Bacilli,Bacillales,Bacillaceae,Bacillus,Bacillus amyloliquefaciens group",,Public,velezensis,"ser,asn,asn,tyr,asn,fatty_acid,mal",4607.0,4607.0,Itu_Others
NZ_CP036527.1.region006,NZ_CP036527.1,Bacillus velezensis strain UTB96 chromosome,transAT-PKS.NRPS,PKS-NRP_Hybrids,Bacillus velezensis UTB96,"Bacteria,Firmicutes,Bacilli,Bacillales,Bacillaceae,Bacillus,Bacillus amyloliquefaciens group",,Public,velezensis,"asn,tyr,asn,fatty_acid,mal",4607.0,4607.0,Itu_Others
NZ_CP021976.1.region007,NZ_CP021976.1,"Bacillus velezensis strain T20E-257 chromosome, complete genome",transAT-PKS.NRPS,PKS-NRP_Hybrids,Bacillus velezensis T20E-257,"Bacteria,Firmicutes,Bacilli,Bacillales,Bacillaceae,Bacillus,Bacillus amyloliquefaciens group",,Public,velezensis,"ser,asn,pro,gln,asn,tyr,asn,fatty_acid,mal",4607.0,4607.0,Iturin A
NC_009725.1.region007,NC_009725.1,"Bacillus amyloliquefaciens subsp. plantarum str. FZB42, complete genome",transAT-PKS.NRPS,PKS-NRP_Hybrids,Bacillus velezensis FZB42,"Bacteria,Firmicutes,Bacilli,Bacillales,Bacillaceae,Bacillus,Bacillus amyloliquefaciens group",,Public,velezensis,"thr,ser,glu,pro,asn,tyr,asn,fatty_acid,mal",4076.0,4607.0,Bacillomycin D
NC_014639.1.region005,NC_014639.1,"Bacillus atrophaeus 1942, complete genome",transAT-PKS.NRPS,PKS-NRP_Hybrids,Bacillus atrophaeus 1942,"Bacteria,Firmicutes,Bacilli,Bacillales,Bacillaceae,Bacillus",,Public,atrophaeus,"asn,ser,pro,gln,asn,tyr,asn,fatty_acid,mal",2972.0,2044.0,Mycosubtilin
NZ_CP017953.1.region007,NZ_CP017953.1,"Bacillus amyloliquefaciens strain Y14, complete genome",transAT-PKS.NRPS,PKS-NRP_Hybrids,Bacillus amyloliquefaciens Y14,"Bacteria,Firmicutes,Bacilli,Bacillales,Bacillaceae,Bacillus,Bacillus amyloliquefaciens group",,Public,amyloliquefaciens,"ser,asn,pro,gln,asn,tyr,asn,fatty_acid,mal",4607.0,4607.0,Iturin A
NZ_CP031880.1.region008,NZ_CP031880.1,Bacillus velezensis strain OSY-GA1 chromosome,transAT-PKS.NRPS,PKS-NRP_Hybrids,Bacillus velezensis OSY-GA1,"Bacteria,Firmicutes,Bacilli,Bacillales,Bacillaceae,Bacillus,Bacillus amyloliquefaciens group",,Public,velezensis,"ser,asn,pro,gln,asn,tyr,asn,fatty_acid,mal",4607.0,4607.0,Iturin A
NZ_CP006890.1.region007,NZ_CP006890.1,"Bacillus velezensis SQR9, complete genome",transAT-PKS.NRPS,PKS-NRP_Hybrids,Bacillus velezensis SQR9,"Bacteria,Firmicutes,Bacilli,Bacillales,Bacillaceae,Bacillus,Bacillus amyloliquefaciens group",,Public,velezensis,"thr,ser,glu,pro,asn,tyr,asn,fatty_acid,mal",4076.0,4607.0,Bacillomycin D
NZ_CP014840.1.region006,NZ_CP014840.1,"Bacillus subtilis subsp. globigii strain ATCC 49760 chromosome, complete genome",transAT-PKS.NRPS,PKS-NRP_Hybrids,Bacillus subtilis subsp. globigii ATCC 49760,"Bacteria,Firmicutes,Bacilli,Bacillales,Bacillaceae,Bacillus",,Public,subtilis,"mal,fatty_acid,asn,tyr,asn,gln,pro,ser,asn",2972.0,2044.0,Mycosubtilin
NZ_CP020874.1.region004,NZ_CP020874.1,"Bacillus velezensis strain GYL4 chromosome, complete genome",transAT-PKS.NRPS-like.NRPS,PKS-NRP_Hybrids,Bacillus velezensis GYL4,"Bacteria,Firmicutes,Bacilli,Bacillales,Bacillaceae,Bacillus,Bacillus amyloliquefaciens group",,Public,velezensis,"mal,fatty_acid,asn,tyr,asn,pro,glu,ser,thr",4076.0,4607.0,Bacillomycin D
NZ_CP018295.1.region007,NZ_CP018295.1,"Bacillus subtilis strain J-5, complete genome",transAT-PKS.NRPS,PKS-NRP_Hybrids,Bacillus subtilis J-5,"Bacteria,Firmicutes,Bacilli,Bacillales,Bacillaceae,Bacillus",,Public,subtilis,"ser,asn,pro,gln,asn,tyr,asn,fatty_acid,mal",4607.0,4607.0,Iturin A
NC_020272.1.region007,NC_020272.1,"Bacillus amyloliquefaciens IT-45, complete genome",transAT-PKS.NRPS-like.NRPS,PKS-NRP_Hybrids,Bacillus amyloliquefaciens IT-45,"Bacteria,Firmicutes,Bacilli,Bacillales,Bacillaceae,Bacillus,Bacillus amyloliquefaciens group",,Public,amyloliquefaciens,"mal,fatty_acid,asn,tyr,asn,gln,pro,asn,ser",4607.0,4607.0,Iturin A
BGC0001098.1,BGC0001098.1,Iturin biosynthetic gene cluster,transatpks.nrps,PKS-NRP_Hybrids,Bacillus subtilis,"Bacteria,Firmicutes,Bacilli,Bacillales,Bacillaceae,Bacillus",Iturin,MIBIG,subtilis,,,,
NZ_CP007244.1.region006,NZ_CP007244.1,"Bacillus amyloliquefaciens subsp. plantarum TrigoCor1448, complete genome",transAT-PKS.NRPS,PKS-NRP_Hybrids,Bacillus velezensis TrigoCor1448,"Bacteria,Firmicutes,Bacilli,Bacillales,Bacillaceae,Bacillus,Bacillus amyloliquefaciens group",,Public,velezensis,"ser,asn,pro,gln,asn,tyr,asn,fatty_acid,mal",4607.0,4607.0,Iturin A
NZ_CP015911.1.region007,NZ_CP015911.1,"Bacillus velezensis strain LS69 chromosome, complete genome",transAT-PKS.NRPS,PKS-NRP_Hybrids,Bacillus velezensis LS69,"Bacteria,Firmicutes,Bacilli,Bacillales,Bacillaceae,Bacillus,Bacillus amyloliquefaciens group",,Public,velezensis,"ser,asn,pro,gln,asn,tyr,asn,fatty_acid,mal",4607.0,4607.0,Iturin A
NZ_CP030150.1.region008,NZ_CP030150.1,"Bacillus velezensis strain DSYZ chromosome, complete genome",transAT-PKS.NRPS,PKS-NRP_Hybrids,Bacillus velezensis DSYZ,"Bacteria,Firmicutes,Bacilli,Bacillales,Bacillaceae,Bacillus,Bacillus amyloliquefaciens group",,Public,velezensis,"ser,asn,pro,gln,asn,tyr,asn,fatty_acid,mal",4607.0,4607.0,Iturin A
NC_017191.1.region008,NC_017191.1,"Bacillus amyloliquefaciens XH7, complete genome",transAT-PKS.NRPS-like.NRPS,PKS-NRP_Hybrids,Bacillus amyloliquefaciens XH7,"Bacteria,Firmicutes,Bacilli,Bacillales,Bacillaceae,Bacillus,Bacillus amyloliquefaciens group",,Public,amyloliquefaciens,"inactive,mal,fatty_acid,asn,tyr,asn,gln,pro,asn,ser",3523.0,4607.0,Iturin A
NZ_CP011278.1.region007,NZ_CP011278.1,"Bacillus velezensis strain L-S60 chromosome, complete genome",transAT-PKS.NRPS,PKS-NRP_Hybrids,Bacillus velezensis L-S60,"Bacteria,Firmicutes,Bacilli,Bacillales,Bacillaceae,Bacillus,Bacillus amyloliquefaciens group",,Public,velezensis,"ser,asn,pro,gln,asn,tyr,asn,fatty_acid,mal",4607.0,4607.0,Iturin A
NZ_CP025079.1.region007,NZ_CP025079.1,"Bacillus velezensis strain QST713 chromosome, complete genome",transAT-PKS.NRPS,PKS-NRP_Hybrids,Bacillus velezensis QST713,"Bacteria,Firmicutes,Bacilli,Bacillales,Bacillaceae,Bacillus,Bacillus amyloliquefaciens group",,Public,velezensis,"ser,asn,pro,gln,asn,tyr,asn,fatty_acid,mal",4607.0,4607.0,Iturin A
NZ_CP018152.1.region012,NZ_CP018152.1,"Bacillus amyloliquefaciens strain LM2303 chromosome, complete genome",transAT-PKS.NRPS-like.NRPS,PKS-NRP_Hybrids,Bacillus amyloliquefaciens LM2303,"Bacteria,Firmicutes,Bacilli,Bacillales,Bacillaceae,Bacillus,Bacillus amyloliquefaciens group",,Public,amyloliquefaciens,"mal,fatty_acid,asn,tyr,asn,gln,pro,asn,ser",4607.0,4607.0,Iturin A
NZ_CP029034.1.region006,NZ_CP029034.1,"Bacillus velezensis strain LDO2 chromosome, complete genome",transAT-PKS.NRPS-like.NRPS,PKS-NRP_Hybrids,Bacillus velezensis LDO2,"Bacteria,Firmicutes,Bacilli,Bacillales,Bacillaceae,Bacillus,Bacillus amyloliquefaciens group",,Public,velezensis,"mal,fatty_acid,asn,tyr,asn,gln,pro,asn,ser",4607.0,4607.0,Iturin A
NZ_CP009749.1.region007,NZ_CP009749.1,"Bacillus subtilis strain ATCC 19217, complete genome",transAT-PKS.NRPS,PKS-NRP_Hybrids,Bacillus subtilis ATCC 19217,"Bacteria,Firmicutes,Bacilli,Bacillales,Bacillaceae,Bacillus",,Public,subtilis,"thr,ser,glu,pro,asn,tyr,asn,fatty_acid,mal",4076.0,4607.0,Bacillomycin D
NZ_CP029069.1.region007,NZ_CP029069.1,"Bacillus amyloliquefaciens strain ALB65 chromosome, complete genome",transAT-PKS.NRPS,PKS-NRP_Hybrids,Bacillus amyloliquefaciens ALB65,"Bacteria,Firmicutes,Bacilli,Bacillales,Bacillaceae,Bacillus,Bacillus amyloliquefaciens group",,Public,amyloliquefaciens,"thr,ser,glu,pro,asn,tyr,asn,fatty_acid,mal",4076.0,4607.0,Bacillomycin D
NZ_CP019040.1.region007,NZ_CP019040.1,"Bacillus velezensis strain GH1-13 chromosome, complete genome",transAT-PKS.NRPS,PKS-NRP_Hybrids,Bacillus velezensis GH1-13,"Bacteria,Firmicutes,Bacilli,Bacillales,Bacillaceae,Bacillus,Bacillus amyloliquefaciens group",,Public,velezensis,"thr,ser,glu,pro,asn,tyr,asn,fatty_acid,mal",4076.0,4607.0,Bacillomycin D
NZ_CP022531.1.region009,NZ_CP022531.1,"Bacillus velezensis strain TB1501 chromosome, complete genome",transAT-PKS.NRPS,PKS-NRP_Hybrids,Bacillus velezensis TB1501,"Bacteria,Firmicutes,Bacilli,Bacillales,Bacillaceae,Bacillus,Bacillus amyloliquefaciens group",,Public,velezensis,"ser,asn,pro,gln,asn,tyr,asn,fatty_acid,mal",4607.0,4607.0,Iturin A
NC_017912.1.region007,NC_017912.1,"Bacillus amyloliquefaciens Y2, complete genome",transAT-PKS.NRPS,PKS-NRP_Hybrids,Bacillus amyloliquefaciens Y2,"Bacteria,Firmicutes,Bacilli,Bacillales,Bacillaceae,Bacillus,Bacillus amyloliquefaciens group",,Public,amyloliquefaciens,"thr,ser,glu,pro,asn,tyr,asn,fatty_acid,mal",4076.0,4607.0,Bacillomycin D
CP041015.1.region003,CP041015.1,"Bacillus subtilis strain FDAARGOS_606 chromosome, complete genome",transAT-PKS.NRPS,PKS-NRP_Hybrids,Bacillus subtilis FDAARGOS_606,"Bacteria,Firmicutes,Bacilli,Bacillales,Bacillaceae,Bacillus",,Public,subtilis,"X,asn,ser,pro,gln,asn,tyr,asn,fatty_acid,mal",3481.0,2044.0,Mycosubtilin
NZ_LN999829.1.region008,NZ_LN999829.1,"Bacillus methylotrophicus strain B25 genome assembly, chromosome : BAMMD1",transAT-PKS.NRPS,PKS-NRP_Hybrids,Bacillus velezensis B25,"Bacteria,Firmicutes,Bacilli,Bacillales,Bacillaceae,Bacillus,Bacillus amyloliquefaciens group",,Public,velezensis,"ser,asn,pro,gln,asn,tyr,asn,fatty_acid,mal",4607.0,4607.0,Iturin A
NZ_CP007640.1.region005,NZ_CP007640.1,Bacillus atrophaeus subsp. globigii strain BSS genome,transAT-PKS.NRPS,PKS-NRP_Hybrids,Bacillus atrophaeus subsp. globigii BSS,"Bacteria,Firmicutes,Bacilli,Bacillales,Bacillaceae,Bacillus",,Public,atrophaeus,"asn,ser,pro,gln,asn,tyr,asn,fatty_acid,mal",2972.0,2044.0,Mycosubtilin
NZ_CP011347.1.region007,NZ_CP011347.1,"Bacillus velezensis strain YJ11-1-4 chromosome, complete genome",transAT-PKS.NRPS-like.NRPS,PKS-NRP_Hybrids,Bacillus velezensis YJ11-1-4,"Bacteria,Firmicutes,Bacilli,Bacillales,Bacillaceae,Bacillus,Bacillus amyloliquefaciens group",,Public,velezensis,"mal,fatty_acid,tyr,asn,pro,glu,ser,thr",4076.0,4607.0,Itu_Others
NZ_CP028437.1.region007,NZ_CP028437.1,"Bacillus velezensis strain DR-08 chromosome, complete genome",transAT-PKS.NRPS,PKS-NRP_Hybrids,Bacillus velezensis DR-08,"Bacteria,Firmicutes,Bacilli,Bacillales,Bacillaceae,Bacillus,Bacillus amyloliquefaciens group",,Public,velezensis,"ser,asn,pro,gln,asn,tyr,asn,fatty_acid,mal",4607.0,4607.0,Iturin A
NZ_CP032506.1.region006,NZ_CP032506.1,"Bacillus velezensis strain JT3-1 chromosome, complete genome",transAT-PKS.NRPS,PKS-NRP_Hybrids,Bacillus velezensis JT3-1,"Bacteria,Firmicutes,Bacilli,Bacillales,Bacillaceae,Bacillus,Bacillus amyloliquefaciens group",,Public,velezensis,"ser,asn,pro,gln,asn,tyr,asn,fatty_acid,mal",4607.0,4607.0,Iturin A
NZ_CP024797.1.region007,NZ_CP024797.1,"Bacillus velezensis strain TJ02 chromosome, complete genome",transAT-PKS.NRPS,PKS-NRP_Hybrids,Bacillus velezensis TJ02,"Bacteria,Firmicutes,Bacilli,Bacillales,Bacillaceae,Bacillus,Bacillus amyloliquefaciens group",,Public,velezensis,"ser,asn,pro,gln,asn,tyr,asn,fatty_acid,mal",4607.0,4607.0,Iturin A
